agency,agencyAbbrev,agencyWithAbbrev,subagency,subagencyAbbrev,subWithAbbrev,prettyName,NameCombo,url,type,datasets
Alabama,AL,Alabama (AL),,,,alabama-gen,Alabama (AL),http://open.alabama.gov/,State,
Alaska,AK,Alaska (AK),,,,alaska-gen,Alaska (AK),http://catalog.data.gov/organization/state-of-alaska,State,371
Albuquerque,ABQ,Albuquerque (ABQ),,,,albuquerque-gen,Albuquerque (ABQ),http://www.cabq.gov/abq-data/,City/County,
Ann Arbor,AA,Ann Arbor (AA),,,,ann-arbor-gen,Ann Arbor (AA),http://www.a2gov.org/data/,City/County,
Arctic Landscape Conservation Cooperative,ALCC,Arctic Landscape Conservation Cooperative (ALCC),,,,arctic-landscape-conservation-cooperative-gen,Arctic Landscape Conservation Cooperative (ALCC),http://catalog.data.gov/organization/alcc-fws-gov,Federal,54
Arizona,AZ,Arizona (AZ),,,,arizona-gen,Arizona (AZ),http://openbooks.az.gov/app/transparency/index.html,State,
Arizona,AZ,Arizona (AZ),Arizona Geological Survey,AZGS,Arizona Geological Survey (AZGS),arizona-arizona-geological-survey,Arizona (AZ) - Arizona Geological Survey (AZGS),http://catalog.data.gov/organization/azgs-az-gov,State,951
Arkansas,AR,Arkansas (AR),,,,arkansas-gen,Arkansas (AR),http://catalog.data.gov/organization/arkansas-gov,State,360
Arvada,,Arvada,,,,arvada-gen,Arvada,http://arvada.org/opendata/,City/County,
Asheville,,Asheville,,,,asheville-gen,Asheville,http://opendatacatalog.ashevillenc.gov/,City/County,
Atlanta,ATL,Atlanta (ATL),,,,atlanta-gen,Atlanta (ATL),http://gis.atlantaga.gov/,City/County,
Austin,AUS,Austin (AUS),,,,austin-gen,Austin (AUS),http://data.austintexas.gov/,City/County,
Baltimore,BAL,Baltimore (BAL),,,,baltimore-gen,Baltimore (BAL),http://data.baltimorecity.gov/,City/County,
Belleville,BVW,Belleville (BVW),,,,belleville-gen,Belleville (BVW),https://data.illinois.gov/belleville,City/County,
Boston,BOS,Boston (BOS),,,,boston-gen,Boston (BOS),https://data.cityofboston.gov/,City/County,
Boston,BOS,Boston (BOS),Boston Enterprise GIS,,Boston Enterprise GIS,boston-boston-enterprise-gis,Boston (BOS) - Boston Enterprise GIS,http://www.cityofboston.gov/maps/,City/County,
Broadcasting Board of Governors,BBG,Broadcasting Board of Governors (BBG),,,,broadcasting-board-of-governors-gen,Broadcasting Board of Governors (BBG),http://catalog.data.gov/organization/bbg-gov,Federal,6
California,CA,California (CA),,,,california-gen,California (CA),http://data.ca.gov/,State,
California,CA,California (CA),California Environmental Health Tracking Program,CEHTP,California Environmental Health Tracking Program (CEHTP),california-california-environmental-health-tracking-program,California (CA) - California Environmental Health Tracking Program (CEHTP),http://catalog.data.gov/organization/cdph-ca-gov,State,17
California,CA,California (CA),California Department of Resources,CDR,California Department of Resources (CDR),california-california-department-of-resources,California (CA) - California Department of Resources (CDR),http://catalog.data.gov/organization/resources-ca-gov,State,584
Champaign,,Champaign,,,,champaign-gen,Champaign,https://data.illinois.gov/champaign,City/County,
Chicago,CHI,Chicago (CHI),,,,chicago-gen,Chicago (CHI),http://data.cityofchicago.org/,City/County,
City of Orem,,City of Orem,,,,city-of-orem-gen,City of Orem,http://catalog.data.gov/organization/orem-org,City/County,1
Colorado,CO,Colorado (CO),,,,colorado-gen,Colorado (CO),http://www.colorado.gov/data/,State,
Colorado,CO,Colorado (CO),Denver Regional Council,DRCOG,Denver Regional Council (DRCOG),colorado-denver-regional-council,Colorado (CO) - Denver Regional Council (DRCOG),http://data.opencolorado.org/group/drcog,State,
Columbia University,CU,Columbia University (CU),Center for International Earth Science Information Network,CIESIN,Center for International Earth Science Information Network (CIESIN),columbia-university-center-for-international-earth-science-information-network,Columbia University (CU) - Center for International Earth Science Information Network (CIESIN),http://catalog.data.gov/organization/ciesin-columbia-edu,University/Institution,285
Commodity Futures Trading Commission,CFTC,Commodity Futures Trading Commission (CFTC),,,,commodity-futures-trading-commission-gen,Commodity Futures Trading Commission (CFTC),http://catalog.data.gov/organization/cftc-gov,Federal,3
Connecticut,CT,Connecticut (CT),,,,connecticut-gen,Connecticut (CT),http://transparency.ct.gov/html/main.asp,State,
Consumer Financial Protection Bureau,CFPB,Consumer Financial Protection Bureau (CFPB),,,,consumer-financial-protection-bureau-gen,Consumer Financial Protection Bureau (CFPB),http://catalog.data.gov/organization/cfpb-gov,Federal,1
Cook County,CC,Cook County (CC),,,,cook-county-gen,Cook County (CC),http://data.cookcountyil.gov/,City/County,
Cornell University,CU,Cornell University (CU),,,,cornell-university-gen,Cornell University (CU),http://catalog.data.gov/organization/cornell-edu,University/Institution,1761
Corporation for National and Community Service,CNCS,Corporation for National and Community Service (CNCS),,,,corporation-for-national-and-community-service-gen,Corporation for National and Community Service (CNCS),http://catalog.data.gov/organization/cns-gov,Federal,3
Court Services and Offender Supervision Agency,CSOSA,Court Services and Offender Supervision Agency (CSOSA),,,,court-services-and-offender-supervision-agency-gen,Court Services and Offender Supervision Agency (CSOSA),http://catalog.data.gov/organization/csosa-gov,Federal,1
Delaware,DE,Delaware (DE),,,,delaware-gen,Delaware (DE),http://www.delaware.gov/data/,State,
Denver,DV,Denver (DV),,,,denver-gen,Denver (DV),http://data.denvergov.org/,City/County,
Department of Agriculture,USDA,Department of Agriculture (USDA),Agricultural Marketing Service,AMS,Agricultural Marketing Service (AMS),department-of-agriculture-agricultural-marketing-service,Department of Agriculture (USDA) - Agricultural Marketing Service (AMS),http://catalog.data.gov/organization/ams-usda-gov,Federal,60
Department of Agriculture,USDA,Department of Agriculture (USDA),Agricultural Research Service,ARS,Agricultural Research Service (ARS),department-of-agriculture-agricultural-research-service,Department of Agriculture (USDA) - Agricultural Research Service (ARS),http://catalog.data.gov/organization/ars-usda-gov,Federal,43
Department of Agriculture,USDA,Department of Agriculture (USDA),Animal and Plant Health Inspection Service,APHIS,Animal and Plant Health Inspection Service (APHIS),department-of-agriculture-animal-and-plant-health-inspection-service,Department of Agriculture (USDA) - Animal and Plant Health Inspection Service (APHIS),http://catalog.data.gov/organization/aphis-usda-gov,Federal,3
Department of Agriculture,USDA,Department of Agriculture (USDA),,,,department-of-agriculture-gen,Department of Agriculture (USDA),http://catalog.data.gov/dataset?q=organization:((usda-gov)+OR+(rma-usda-gov)+OR+(fs-fed-us)+OR+(nda-usda-gov)+OR+(fsa-usda-gov)+OR+(fsis-usda-gov)+OR+(ers-usda-gov)+OR+(nifa-usda-gov)+OR+(ams-usda-gov)+OR+(gipsa-usda-gov)+OR+(stl-usda-gov)+OR+(aphis-usda-gov)+OR+(fas-usda-gov)+OR+(ars-usda-gov)+OR+(ascr-usda-gov)+OR+(nrcs-usda-gov)+OR+(dm-usda-gov)+OR+(oce-usda-gov)+OR+(ocio-usda-gov)+OR+(nass-usda-gov)+OR+(fns-usda-gov)),Federal,298
Department of Agriculture,USDA,Department of Agriculture (USDA),Departmental Management,DM,Departmental Management (DM),department-of-agriculture-departmental-management,Department of Agriculture (USDA) - Departmental Management (DM),http://catalog.data.gov/organization/dm-usda-gov,Federal,1
Department of Agriculture,USDA,Department of Agriculture (USDA),Economic Research Service,ERS,Economic Research Service (ERS),department-of-agriculture-economic-research-service,Department of Agriculture (USDA) - Economic Research Service (ERS),http://catalog.data.gov/organization/ers-usda-gov,Federal,45
Department of Agriculture,USDA,Department of Agriculture (USDA),Farm Service Agency,FSA,Farm Service Agency (FSA),department-of-agriculture-farm-service-agency,Department of Agriculture (USDA) - Farm Service Agency (FSA),http://catalog.data.gov/organization/fsa-usda-gov,Federal,60
Department of Agriculture,USDA,Department of Agriculture (USDA),Food and Nutrition Service,FNS,Food and Nutrition Service (FNS),department-of-agriculture-food-and-nutrition-service,Department of Agriculture (USDA) - Food and Nutrition Service (FNS),http://catalog.data.gov/organization/fns-usda-gov,Federal,12
Department of Agriculture,USDA,Department of Agriculture (USDA),Food Safety and Inspection Service,FSIS,Food Safety and Inspection Service (FSIS),department-of-agriculture-food-safety-and-inspection-service,Department of Agriculture (USDA) - Food Safety and Inspection Service (FSIS),http://catalog.data.gov/organization/fsis-usda-gov,Federal,2
Department of Agriculture,USDA,Department of Agriculture (USDA),Foreign Agricultural Service,FAS,Foreign Agricultural Service (FAS),department-of-agriculture-foreign-agricultural-service,Department of Agriculture (USDA) - Foreign Agricultural Service (FAS),http://catalog.data.gov/organization/fas-usda-gov,Federal,8
Department of Agriculture,USDA,Department of Agriculture (USDA),National Agricultural Statistics Service,NASS,National Agricultural Statistics Service (NASS),department-of-agriculture-national-agricultural-statistics-service,Department of Agriculture (USDA) - National Agricultural Statistics Service (NASS),http://catalog.data.gov/organization/nass-usda-gov,Federal,7
Department of Agriculture,USDA,Department of Agriculture (USDA),National Appeals Division,NAD,National Appeals Division (NAD),department-of-agriculture-national-appeals-division,Department of Agriculture (USDA) - National Appeals Division (NAD),http://catalog.data.gov/organization/nda-usda-gov,Federal,1
Department of Agriculture,USDA,Department of Agriculture (USDA),National Institute of Food and Agriculture,NIFA,National Institute of Food and Agriculture (NIFA),department-of-agriculture-national-institute-of-food-and-agriculture,Department of Agriculture (USDA) - National Institute of Food and Agriculture (NIFA),http://catalog.data.gov/organization/nifa-usda-gov,Federal,1
Department of Agriculture,USDA,Department of Agriculture (USDA),Natural Resources Conservation Service,NRCS,Natural Resources Conservation Service (NRCS),department-of-agriculture-natural-resources-conservation-service,Department of Agriculture (USDA) - Natural Resources Conservation Service (NRCS),http://catalog.data.gov/organization/nrcs-usda-gov,Federal,4
Department of Agriculture,USDA,Department of Agriculture (USDA),Office of the Chief Economist,OCE,Office of the Chief Economist (OCE),department-of-agriculture-office-of-the-chief-economist,Department of Agriculture (USDA) - Office of the Chief Economist (OCE),http://catalog.data.gov/organization/oce-usda-gov,Federal,1
Department of Agriculture,USDA,Department of Agriculture (USDA),Rural Development,RD,Rural Development (RD),department-of-agriculture-rural-development,Department of Agriculture (USDA) - Rural Development (RD),http://catalog.data.gov/organization/stl-usda-gov,Federal,1
Department of Agriculture,USDA,Department of Agriculture (USDA),US Forest Service,FS,US Forest Service (FS),department-of-agriculture-us-forest-service,Department of Agriculture (USDA) - US Forest Service (FS),http://catalog.data.gov/organization/fs-fed-us,Federal,49
Department of Commerce,USDC,Department of Commerce (USDC),,,,department-of-commerce-gen,Department of Commerce (USDC),http://catalog.data.gov/organization/doc-gov,Federal,3
Department of Commerce,USDC,Department of Commerce (USDC),Bureau of Economic Analysis,BEA,Bureau of Economic Analysis (BEA),department-of-commerce-bureau-of-economic-analysis,Department of Commerce (USDC) - Bureau of Economic Analysis (BEA),http://catalog.data.gov/organization/bea-gov,Federal,2
Department of Commerce,USDC,Department of Commerce (USDC),Bureau of Industry and Security,BIS,Bureau of Industry and Security (BIS),department-of-commerce-bureau-of-industry-and-security,Department of Commerce (USDC) - Bureau of Industry and Security (BIS),http://catalog.data.gov/organization/bis-doc-gov,Federal,2
Department of Commerce,USDC,Department of Commerce (USDC),US Patent and Trademark Office,USPTO,US Patent and Trademark Office (USPTO),department-of-commerce-us-patent-and-trademark-office,Department of Commerce (USDC) - US Patent and Trademark Office (USPTO),http://catalog.data.gov/dataset?q=organization:uspto-gov,Federal,40
Department of Commerce,USDC,Department of Commerce (USDC),International Trade Administration,ITA,International Trade Administration (ITA),department-of-commerce-international-trade-administration,Department of Commerce (USDC) - International Trade Administration (ITA),http://catalog.data.gov/organization/trade-gov,Federal,31
Department of Commerce,USDC,Department of Commerce (USDC),National Institute of Standards and Technology,NIST,National Institute of Standards and Technology (NIST),department-of-commerce-national-institute-of-standards-and-technology,Department of Commerce (USDC) - National Institute of Standards and Technology (NIST),http://catalog.data.gov/organization/nist-gov,Federal,3
Department of Commerce,USDC,Department of Commerce (USDC),National Oceanic and Atmospheric Administration,NOAA,National Oceanic and Atmospheric Administration (NOAA),department-of-commerce-national-oceanic-and-atmospheric-administration,Department of Commerce (USDC) - National Oceanic and Atmospheric Administration (NOAA),http://catalog.data.gov/organization/noaa-gov,Federal,32291
Department of Commerce,USDC,Department of Commerce (USDC),National Technical Information Service,NTIS,National Technical Information Service (NTIS),department-of-commerce-national-technical-information-service,Department of Commerce (USDC) - National Technical Information Service (NTIS),http://catalog.data.gov/organization/ntis-gov,Federal,1
Department of Commerce,USDC,Department of Commerce (USDC),National Telecommunication and Information Administration,NTIA,National Telecommunication and Information Administration (NTIA),department-of-commerce-national-telecommunication-and-information-administration,Department of Commerce (USDC) - National Telecommunication and Information Administration (NTIA),http://catalog.data.gov/organization/ntia-doc-gov,Federal,30
Department of Commerce,USDC,Department of Commerce (USDC),National Weather Service,NWS,National Weather Service (NWS),department-of-commerce-national-weather-service,Department of Commerce (USDC) - National Weather Service (NWS),http://catalog.data.gov/organization/nws-doc-gov,Federal,11
Department of Commerce,USDC,Department of Commerce (USDC),US Census Bureau,Census,US Census Bureau (Census),department-of-commerce-us-census-bureau,Department of Commerce (USDC) - US Census Bureau (Census),http://catalog.data.gov/organization/census-gov,Federal,3799
Department of Defense,DOD,Department of Defense (DOD),Army Corps of Engineers,ACE,Army Corps of Engineers (ACE),department-of-defense-army-corps-of-engineers,Department of Defense (DOD) - Army Corps of Engineers (ACE),http://catalog.data.gov/organization/usace-army-mil,Federal,123
Department of Defense,DOD,Department of Defense (DOD),Acquisition Technology and Logistics,AT&L,Acquisition Technology and Logistics (AT&L),department-of-defense-acquisition-technology-and-logistics,Department of Defense (DOD) - Acquisition Technology and Logistics (AT&L),http://catalog.data.gov/organization/atl-dod-gov,Federal,1
Department of Defense,DOD,Department of Defense (DOD),,,,department-of-defense-gen,Department of Defense (DOD),http://catalog.data.gov/organization/dod-gov,Federal,291
Department of Defense,DOD,Department of Defense (DOD),National Geospatial Intelligence Agency,NGA,National Geospatial Intelligence Agency (NGA),department-of-defense-national-geospatial-intelligence-agency,Department of Defense (DOD) - National Geospatial Intelligence Agency (NGA),http://catalog.data.gov/organization/nga-mil,Federal,0
Department of Defense,DOD,Department of Defense (DOD),Defense Logistics Agency,DLA,Defense Logistics Agency (DLA),department-of-defense-defense-logistics-agency,Department of Defense (DOD) - Defense Logistics Agency (DLA),http://catalog.data.gov/organization/dla-mil,Federal,20
Department of Defense,DOD,Department of Defense (DOD),Defense Technical Information Center,DTIC,Defense Technical Information Center (DTIC),department-of-defense-defense-technical-information-center,Department of Defense (DOD) - Defense Technical Information Center (DTIC),http://catalog.data.gov/organization/dtic-mil,Federal,6
Department of Defense,DOD,Department of Defense (DOD),Department of the Army,Army,Department of the Army (Army),department-of-defense-department-of-the-army,Department of Defense (DOD) - Department of the Army (Army),http://catalog.data.gov/organization/us-army-mil,Federal,4
Department of Defense,DOD,Department of Defense (DOD),Federal Voting Assistance Program,FVAP,Federal Voting Assistance Program (FVAP),department-of-defense-federal-voting-assistance-program,Department of Defense (DOD) - Federal Voting Assistance Program (FVAP),http://catalog.data.gov/organization/fvap-gov,Federal,9
Department of Defense,DOD,Department of Defense (DOD),Defense Advanced Research Projects Agency,DARPA,Defense Advanced Research Projects Agency (DARPA),department-of-defense-defense-advanced-research-projects-agency,Department of Defense (DOD) - Defense Advanced Research Projects Agency (DARPA),http://www.darpa.mil/opencatalog/,Federal,
Department of Education,ED / DOED,Department of Education (ED / DOED),,,,department-of-education-gen,Department of Education (ED / DOED),http://catalog.data.gov/organization/ed-gov,Federal,33
Department of Education,ED / DOED,Department of Education (ED / DOED),Federal Student Aid,FAFSA,Federal Student Aid (FAFSA),department-of-education-federal-student-aid,Department of Education (ED / DOED) - Federal Student Aid (FAFSA),http://catalog.data.gov/organization/fsa-ed-gov,Federal,7
Department of Education,ED / DOED,Department of Education (ED / DOED),Institute of Education Sciences,IES,Institute of Education Sciences (IES),department-of-education-institute-of-education-sciences,Department of Education (ED / DOED) - Institute of Education Sciences (IES),http://catalog.data.gov/organization/ies-ed-gov,Federal,4
Department of Education,ED / DOED,Department of Education (ED / DOED),National Center for Education Statistics,NCES,National Center for Education Statistics (NCES),department-of-education-national-center-for-education-statistics,Department of Education (ED / DOED) - National Center for Education Statistics (NCES),http://catalog.data.gov/organization/nces-ed-gov,Federal,31
Department of Education,ED / DOED,Department of Education (ED / DOED),Office for Civil Rights,OCR,Office for Civil Rights (OCR),department-of-education-office-for-civil-rights,Department of Education (ED / DOED) - Office for Civil Rights (OCR),http://catalog.data.gov/organization/ocr-ed-gov,Federal,2
Department of Education,ED / DOED,Department of Education (ED / DOED),Office of Hearings and Appeals,OHA,Office of Hearings and Appeals (OHA),department-of-education-office-of-hearings-and-appeals,Department of Education (ED / DOED) - Office of Hearings and Appeals (OHA),http://catalog.data.gov/organization/oha-ed-gov,Federal,2
Department of Education,ED / DOED,Department of Education (ED / DOED),Office of Innovation and Improvement,OII,Office of Innovation and Improvement (OII),department-of-education-office-of-innovation-and-improvement,Department of Education (ED / DOED) - Office of Innovation and Improvement (OII),http://catalog.data.gov/organization/oii-ed-gov,Federal,13
Department of Education,ED / DOED,Department of Education (ED / DOED),Office of Postsecondary Education,OPE,Office of Postsecondary Education (OPE),department-of-education-office-of-postsecondary-education,Department of Education (ED / DOED) - Office of Postsecondary Education (OPE),http://catalog.data.gov/organization/ope-ed-gov,Federal,4
Department of Education,ED / DOED,Department of Education (ED / DOED),Office of Special Education and Rehabilitative Services,OSERS,Office of Special Education and Rehabilitative Services (OSERS),department-of-education-office-of-special-education-and-rehabilitative-services,Department of Education (ED / DOED) - Office of Special Education and Rehabilitative Services (OSERS),http://catalog.data.gov/organization/osers-ed-gov,Federal,14
Department of Education,ED / DOED,Department of Education (ED / DOED),Office of Vocational and Adult Education,OVAE,Office of Vocational and Adult Education (OVAE),department-of-education-office-of-vocational-and-adult-education,Department of Education (ED / DOED) - Office of Vocational and Adult Education (OVAE),http://catalog.data.gov/organization/ovae-ed-gov,Federal,2
Department of Energy,DOE,Department of Energy (DOE),,,,department-of-energy-gen,Department of Energy (DOE),http://catalog.data.gov/organization/doe-gov,Federal,29
Department of Energy,DOE,Department of Energy (DOE),Energy Information Administration,EIA,Energy Information Administration (EIA),department-of-energy-energy-information-administration,Department of Energy (DOE) - Energy Information Administration (EIA),http://catalog.data.gov/organization/eia-doe-gov,Federal,138
Department of Energy,DOE,Department of Energy (DOE),Office of Scientific and Technical Information,OSTI,Office of Scientific and Technical Information (OSTI),department-of-energy-office-of-scientific-and-technical-information,Department of Energy (DOE) - Office of Scientific and Technical Information (OSTI),http://catalog.data.gov/organization/osti-gov,Federal,40
Department of Health and Human Services,HHS,Department of Health and Human Services (HHS),Centers for Medicare and Medicaid Services,CMS,Centers for Medicare and Medicaid Services (CMS),department-of-health-and-human-services-centers-for-medicare-and-medicaid-services,Department of Health and Human Services (HHS) - Centers for Medicare and Medicaid Services (CMS),http://catalog.data.gov/organization/cms-hhs-gov,Federal,1
Department of Health and Human Services,HHS,Department of Health and Human Services (HHS),,,,department-of-health-and-human-services-gen,Department of Health and Human Services (HHS),http://catalog.data.gov/dataset?q=organization:hhs-gov,Federal,905
Department of Health and Human Services,HHS,Department of Health and Human Services (HHS),National Institutes of Health,NIH,National Institutes of Health (NIH),department-of-health-and-human-services-national-institutes-of-health,Department of Health and Human Services (HHS) - National Institutes of Health (NIH),http://catalog.data.gov/organization/nih-hhs-gov,Federal,1
Department of Health and Human Services,HHS,Department of Health and Human Services (HHS),Substance Abuse and Mental Health Services Administration,SAMHSA,Substance Abuse and Mental Health Services Administration (SAMHSA),department-of-health-and-human-services-substance-abuse-and-mental-health-services-administration,Department of Health and Human Services (HHS) - Substance Abuse and Mental Health Services Administration (SAMHSA),http://catalog.data.gov/organization/samhsa-hhs-gov,Federal,1
Department of Homeland Security,DHS,Department of Homeland Security (DHS),U.S. Coast Guard,,U.S. Coast Guard,department-of-homeland-security-us-coast-guard,Department of Homeland Security (DHS) - U.S. Coast Guard,http://catalog.data.gov/organization/uscg-mil,Federal,6
Department of Homeland Security,DHS,Department of Homeland Security (DHS),,,,department-of-homeland-security-gen,Department of Homeland Security (DHS),http://catalog.data.gov/organization/dhs-gov,Federal,7
Department of Homeland Security,DHS,Department of Homeland Security (DHS),Federal Emergency Management Agency,FEMA,Federal Emergency Management Agency (FEMA),department-of-homeland-security-federal-emergency-management-agency,Department of Homeland Security (DHS) - Federal Emergency Management Agency (FEMA),http://catalog.data.gov/organization/fema-gov,Federal,15
Department of Homeland Security,DHS,Department of Homeland Security (DHS),United States Coast Guard,USCG,United States Coast Guard (USCG),department-of-homeland-security-united-states-coast-guard,Department of Homeland Security (DHS) - United States Coast Guard (USCG),http://catalog.data.gov/dataset?q=organization:uscg-mil,Federal,6
Department of Homeland Security,DHS,Department of Homeland Security (DHS),Office of Health Affairs,OHA,Office of Health Affairs (OHA),department-of-homeland-security-office-of-health-affairs,Department of Homeland Security (DHS) - Office of Health Affairs (OHA),http://catalog.data.gov/organization/oha-dhs-gov,Federal,1
Department of Homeland Security,DHS,Department of Homeland Security (DHS),Office of Immigration Statistics,OIS,Office of Immigration Statistics (OIS),department-of-homeland-security-office-of-immigration-statistics,Department of Homeland Security (DHS) - Office of Immigration Statistics (OIS),http://catalog.data.gov/organization/ois-dhs-gov,Federal,139
Department of Homeland Security,DHS,Department of Homeland Security (DHS),U.S. Citizenship and Immigration Services,USCIS,U.S. Citizenship and Immigration Services (USCIS),department-of-homeland-security-us-citizenship-and-immigration-services,Department of Homeland Security (DHS) - U.S. Citizenship and Immigration Services (USCIS),http://catalog.data.gov/organization/uscis-dhs-gov,Federal,11
Department of Housing and Urban Development,HUD,Department of Housing and Urban Development (HUD),Office of Housing,,Office of Housing,department-of-housing-and-urban-development-office-of-housing,Department of Housing and Urban Development (HUD) - Office of Housing,http://catalog.data.gov/organization/oh-hud-gov,Federal,1
Department of Justice,DOJ,Department of Justice (DOJ),,,,department-of-justice-gen,Department of Justice (DOJ),http://catalog.data.gov/organization/doj-gov,Federal,3
Department of Justice,DOJ,Department of Justice (DOJ),Antitrust Division,Antitrust,Antitrust Division (Antitrust),department-of-justice-antitrust-division,Department of Justice (DOJ) - Antitrust Division (Antitrust),http://catalog.data.gov/organization/atr-usdoj-gov,Federal,5
Department of Justice,DOJ,Department of Justice (DOJ),Bureau of Justice Statistics,BJS,Bureau of Justice Statistics (BJS),department-of-justice-bureau-of-justice-statistics,Department of Justice (DOJ) - Bureau of Justice Statistics (BJS),http://catalog.data.gov/organization/bjs-usdoj-gov,Federal,64
Department of Justice,DOJ,Department of Justice (DOJ),Civil Division,CD,Civil Division (CD),department-of-justice-civil-division,Department of Justice (DOJ) - Civil Division (CD),http://catalog.data.gov/organization/civ-usdoj-gov,Federal,3
Department of Justice,DOJ,Department of Justice (DOJ),Civil Rights Division,CRD,Civil Rights Division (CRD),department-of-justice-civil-rights-division,Department of Justice (DOJ) - Civil Rights Division (CRD),http://catalog.data.gov/organization/crt-usdoj-gov,Federal,8
Department of Justice,DOJ,Department of Justice (DOJ),Federal Bureau of Investigation,FBI,Federal Bureau of Investigation (FBI),department-of-justice-federal-bureau-of-investigation,Department of Justice (DOJ) - Federal Bureau of Investigation (FBI),http://catalog.data.gov/organization/ic-fbi-gov,Federal,10
Department of Justice,DOJ,Department of Justice (DOJ),US Trustee Program,USTP,US Trustee Program (USTP),department-of-justice-us-trustee-program,Department of Justice (DOJ) - US Trustee Program (USTP),http://catalog.data.gov/dataset?q=organization:ustp-usdoj-gov,Federal,89
Department of Justice,DOJ,Department of Justice (DOJ),Office of Legal Counsel,OLC,Office of Legal Counsel (OLC),department-of-justice-office-of-legal-counsel,Department of Justice (DOJ) - Office of Legal Counsel (OLC),http://catalog.data.gov/organization/olc-usdoj-gov,Federal,1
Department of Justice,DOJ,Department of Justice (DOJ),US Attorney's Office,USAO,US Attorney's Office (USAO),department-of-justice-us-attorney's-office,Department of Justice (DOJ) - US Attorney's Office (USAO),http://catalog.data.gov/organization/usao-usdoj-gov,Federal,1
Department of Labor,DOL,Department of Labor (DOL),Benefits Review Board,BRB,Benefits Review Board (BRB),department-of-labor-benefits-review-board,Department of Labor (DOL) - Benefits Review Board (BRB),http://catalog.data.gov/organization/brb-dol-gov,Federal,1
Department of Labor,DOL,Department of Labor (DOL),Bureau of Labor Statistics,BLS,Bureau of Labor Statistics (BLS),department-of-labor-bureau-of-labor-statistics,Department of Labor (DOL) - Bureau of Labor Statistics (BLS),http://catalog.data.gov/organization/bls-gov,Federal,34
Department of Labor,DOL,Department of Labor (DOL),Employee Benefits Security Administration,EBSA,Employee Benefits Security Administration (EBSA),department-of-labor-employee-benefits-security-administration,Department of Labor (DOL) - Employee Benefits Security Administration (EBSA),http://catalog.data.gov/organization/esba-dol-gov,Federal,2
Department of Labor,DOL,Department of Labor (DOL),Employees' Compensation Appeals Board,ECAB,Employees' Compensation Appeals Board (ECAB),department-of-labor-employees'-compensation-appeals-board,Department of Labor (DOL) - Employees' Compensation Appeals Board (ECAB),http://catalog.data.gov/organization/ecab-dol-gov,Federal,1
Department of Labor,DOL,Department of Labor (DOL),Employment and Training Administration,ETA,Employment and Training Administration (ETA),department-of-labor-employment-and-training-administration,Department of Labor (DOL) - Employment and Training Administration (ETA),http://catalog.data.gov/organization/eta-dol-gov,Federal,8
Department of Labor,DOL,Department of Labor (DOL),Mine Safety and Health Administration,MSHA,Mine Safety and Health Administration (MSHA),department-of-labor-mine-safety-and-health-administration,Department of Labor (DOL) - Mine Safety and Health Administration (MSHA),http://catalog.data.gov/organization/msha-dol-gov,Federal,8
Department of Labor,DOL,Department of Labor (DOL),,,,department-of-labor-gen,Department of Labor (DOL),http://catalog.data.gov/dataset?q=organization:((ecab-dol-gov)+OR+(whd-dol-gov)+OR+(esba-dol-gov)+OR+(ojc-dol-gov)+OR+(eta-dol-gov)+OR+(osha-dol-gov)+OR+(oalj-dol-gov)+OR+(oasp-dol-gov)+OR+(msha-dol-gov)+OR+(bls-gov)+OR+(brb-dol-gov)),Federal,66
Department of Labor,DOL,Department of Labor (DOL),Occupational Safety and Health Administration,OSHA,Occupational Safety and Health Administration (OSHA),department-of-labor-occupational-safety-and-health-administration,Department of Labor (DOL) - Occupational Safety and Health Administration (OSHA),http://catalog.data.gov/organization/osha-dol-gov,Federal,4
Department of Labor,DOL,Department of Labor (DOL),Office of Administrative Law Judges,OALJ,Office of Administrative Law Judges (OALJ),department-of-labor-office-of-administrative-law-judges,Department of Labor (DOL) - Office of Administrative Law Judges (OALJ),http://catalog.data.gov/organization/oalj-dol-gov,Federal,1
Department of Labor,DOL,Department of Labor (DOL),Wage and Hour Division,WHD,Wage and Hour Division (WHD),department-of-labor-wage-and-hour-division,Department of Labor (DOL) - Wage and Hour Division (WHD),http://catalog.data.gov/dataset?q=organization:whd-dol-gov,Federal,2
Department of Labor,DOL,Department of Labor (DOL),Office of Job Corps,OJC,Office of Job Corps (OJC),department-of-labor-office-of-job-corps,Department of Labor (DOL) - Office of Job Corps (OJC),http://catalog.data.gov/organization/ojc-dol-gov,Federal,4
Department of Labor,DOL,Department of Labor (DOL),Office of the Assistant Secretary for Policy,OASP,Office of the Assistant Secretary for Policy (OASP),department-of-labor-office-of-the-assistant-secretary-for-policy,Department of Labor (DOL) - Office of the Assistant Secretary for Policy (OASP),http://catalog.data.gov/organization/oasp-dol-gov,Federal,1
Department of State,DOS,Department of State (DOS),,,,department-of-state-gen,Department of State (DOS),http://catalog.data.gov/organization/state-gov,Federal,83
Department of State,DOS,Department of State (DOS),Organisation for Economic Cooperation and Development,OECD,Organisation for Economic Cooperation and Development (OECD),department-of-state-organisation-for-economic-cooperation-and-development,Department of State (DOS) - Organisation for Economic Cooperation and Development (OECD),http://catalog.data.gov/organization/oecd-state-gov,Federal,5
Department of the Interior,DOI,Department of the Interior (DOI),,,,department-of-the-interior-gen,Department of the Interior (DOI),http://catalog.data.gov/organization/doi-gov,Federal,5
Department of the Interior,DOI,Department of the Interior (DOI),Bureau of Indian Education,BIE,Bureau of Indian Education (BIE),department-of-the-interior-bureau-of-indian-education,Department of the Interior (DOI) - Bureau of Indian Education (BIE),http://catalog.data.gov/organization/bie-doi-gov,Federal,1
Department of the Interior,DOI,Department of the Interior (DOI),Bureau of Land Management,BLM,Bureau of Land Management (BLM),department-of-the-interior-bureau-of-land-management,Department of the Interior (DOI) - Bureau of Land Management (BLM),http://catalog.data.gov/organization/blm-gov,Federal,99
Department of the Interior,DOI,Department of the Interior (DOI),Bureau of Ocean Energy Management,BOEM,Bureau of Ocean Energy Management (BOEM),department-of-the-interior-bureau-of-ocean-energy-management,Department of the Interior (DOI) - Bureau of Ocean Energy Management (BOEM),http://catalog.data.gov/organization/boem-gov,Federal,36
Department of the Interior,DOI,Department of the Interior (DOI),National Park Service,NPS,National Park Service (NPS),department-of-the-interior-national-park-service,Department of the Interior (DOI) - National Park Service (NPS),http://catalog.data.gov/organization/nps-gov,Federal,1408
Department of the Interior,DOI,Department of the Interior (DOI),Office of Hearings and Appeals,OHA,Office of Hearings and Appeals (OHA),department-of-the-interior-office-of-hearings-and-appeals,Department of the Interior (DOI) - Office of Hearings and Appeals (OHA),http://catalog.data.gov/organization/oha-doi-gov,Federal,1
Department of the Interior,DOI,Department of the Interior (DOI),Federal Geographic Data Committee,FGDC,Federal Geographic Data Committee (FGDC),department-of-the-interior-federal-geographic-data-committee,Department of the Interior (DOI) - Federal Geographic Data Committee (FGDC),http://catalog.data.gov/dataset?q=organization:fgdc-gov,Federal,370
Department of the Interior,DOI,Department of the Interior (DOI),U.S. Geological Survey,USGS,U.S. Geological Survey (USGS),department-of-the-interior-us-geological-survey,Department of the Interior (DOI) - U.S. Geological Survey (USGS),http://catalog.data.gov/dataset?q=organization:usgs-gov,Federal,9
Department of the Interior,DOI,Department of the Interior (DOI),Office of the Solicitor,SOL,Office of the Solicitor (SOL),department-of-the-interior-office-of-the-solicitor,Department of the Interior (DOI) - Office of the Solicitor (SOL),http://catalog.data.gov/organization/os-doi-gov,Federal,1
Department of the Interior,DOI,Department of the Interior (DOI),US Bureau of Reclamation,USBR,US Bureau of Reclamation (USBR),department-of-the-interior-us-bureau-of-reclamation,Department of the Interior (DOI) - US Bureau of Reclamation (USBR),http://catalog.data.gov/organization/usbr-gov,Federal,13
Department of the Interior,DOI,Department of the Interior (DOI),US Fish and Wildlife Service,FWS,US Fish and Wildlife Service (FWS),department-of-the-interior-us-fish-and-wildlife-service,Department of the Interior (DOI) - US Fish and Wildlife Service (FWS),http://catalog.data.gov/organization/fws-gov,Federal,283
Department of the Treasury,,Department of the Treasury,,,,department-of-the-treasury-gen,Department of the Treasury,http://catalog.data.gov/organization/treasury-gov,Federal,39
Department of the Treasury,,Department of the Treasury,Bureau of Engraving and Printing,BEP,Bureau of Engraving and Printing (BEP),department-of-the-treasury-bureau-of-engraving-and-printing,Department of the Treasury - Bureau of Engraving and Printing (BEP),http://catalog.data.gov/organization/bep-gov,Federal,2
Department of the Treasury,,Department of the Treasury,Bureau of the Public Debt,BPD,Bureau of the Public Debt (BPD),department-of-the-treasury-bureau-of-the-public-debt,Department of the Treasury - Bureau of the Public Debt (BPD),http://catalog.data.gov/organization/bpd-treas-gov,Federal,12
Department of the Treasury,,Department of the Treasury,Departmental Offices,DO,Departmental Offices (DO),department-of-the-treasury-departmental-offices,Department of the Treasury - Departmental Offices (DO),http://catalog.data.gov/organization/do-treas-gov,Federal,2
Department of the Treasury,,Department of the Treasury,Financial Crimes Enforcement Network,FINCEN,Financial Crimes Enforcement Network (FINCEN),department-of-the-treasury-financial-crimes-enforcement-network,Department of the Treasury - Financial Crimes Enforcement Network (FINCEN),http://catalog.data.gov/organization/fincen-gov,Federal,3
Department of the Treasury,,Department of the Treasury,Financial Management Service,FMS,Financial Management Service (FMS),department-of-the-treasury-financial-management-service,Department of the Treasury - Financial Management Service (FMS),http://catalog.data.gov/organization/fms-treas-gov,Federal,6
Department of the Treasury,,Department of the Treasury,Internal Revenue Service,IRS,Internal Revenue Service (IRS),department-of-the-treasury-internal-revenue-service,Department of the Treasury - Internal Revenue Service (IRS),http://catalog.data.gov/organization/irs-gov,Federal,44
Department of the Treasury,,Department of the Treasury,United States Mint,,United States Mint,department-of-the-treasury-united-states-mint,Department of the Treasury - United States Mint,http://catalog.data.gov/organization/mint-treas-gov,Federal,4
Department of Transportation,DOT,Department of Transportation (DOT),National Highway Traffic Safety Administration,NHTSA,National Highway Traffic Safety Administration (NHTSA),department-of-transportation-national-highway-traffic-safety-administration,Department of Transportation (DOT) - National Highway Traffic Safety Administration (NHTSA),http://catalog.data.gov/organization/nhtsa-dot-gov,Federal,477
Department of Transportation,DOT,Department of Transportation (DOT),,,,department-of-transportation-gen,Department of Transportation (DOT),http://catalog.data.gov/organization/dot-gov,Federal,52
Department of Transportation,DOT,Department of Transportation (DOT),Bureau of Transportation Statistics,BTS,Bureau of Transportation Statistics (BTS),department-of-transportation-bureau-of-transportation-statistics,Department of Transportation (DOT) - Bureau of Transportation Statistics (BTS),http://catalog.data.gov/organization/bts-dot-gov,Federal,3
Department of Transportation,DOT,Department of Transportation (DOT),Federal Aviation Administration,FAA,Federal Aviation Administration (FAA),department-of-transportation-federal-aviation-administration,Department of Transportation (DOT) - Federal Aviation Administration (FAA),http://catalog.data.gov/organization/faa-dot-gov,Federal,12
Department of Transportation,DOT,Department of Transportation (DOT),Federal Highway Administration,FHWA,Federal Highway Administration (FHWA),department-of-transportation-federal-highway-administration,Department of Transportation (DOT) - Federal Highway Administration (FHWA),http://catalog.data.gov/organization/fha-dot-gov,Federal,1263
Department of Transportation,DOT,Department of Transportation (DOT),Federal Motor Carrier Safety Administration,FMCSA,Federal Motor Carrier Safety Administration (FMCSA),department-of-transportation-federal-motor-carrier-safety-administration,Department of Transportation (DOT) - Federal Motor Carrier Safety Administration (FMCSA),http://catalog.data.gov/organization/fmcsa-dot-gov,Federal,38
Department of Transportation,DOT,Department of Transportation (DOT),Federal Railroad Administration,FRA,Federal Railroad Administration (FRA),department-of-transportation-federal-railroad-administration,Department of Transportation (DOT) - Federal Railroad Administration (FRA),http://catalog.data.gov/organization/fra-dot-gov,Federal,24
Department of Transportation,DOT,Department of Transportation (DOT),Federal Transit Administration,FTA,Federal Transit Administration (FTA),department-of-transportation-federal-transit-administration,Department of Transportation (DOT) - Federal Transit Administration (FTA),http://catalog.data.gov/organization/fta-dot-gov,Federal,24
Department of Transportation,DOT,Department of Transportation (DOT),Maritime Administration,MARAD,Maritime Administration (MARAD),department-of-transportation-maritime-administration,Department of Transportation (DOT) - Maritime Administration (MARAD),http://catalog.data.gov/organization/ma-dot-gov,Federal,1
Department of Transportation,DOT,Department of Transportation (DOT),National Highway Traffice Safety Administration,NHTSA,National Highway Traffice Safety Administration (NHTSA),department-of-transportation-national-highway-traffice-safety-administration,Department of Transportation (DOT) - National Highway Traffice Safety Administration (NHTSA),http://catalog.data.gov/dataset?q=organization:nhtsa-dot-gov,Federal,477
Department of Transportation,DOT,Department of Transportation (DOT),Office of the Secretary of Transportation,OST,Office of the Secretary of Transportation (OST),department-of-transportation-office-of-the-secretary-of-transportation,Department of Transportation (DOT) - Office of the Secretary of Transportation (OST),http://catalog.data.gov/organization/ost-dot-gov,Federal,26
Department of Transportation,DOT,Department of Transportation (DOT),Pipeline and Hazardous Materials Safety Administration,PHMSA,Pipeline and Hazardous Materials Safety Administration (PHMSA),department-of-transportation-pipeline-and-hazardous-materials-safety-administration,Department of Transportation (DOT) - Pipeline and Hazardous Materials Safety Administration (PHMSA),http://catalog.data.gov/organization/phmsa-dot-gov,Federal,102
Department of Transportation,DOT,Department of Transportation (DOT),Research and Innovative Technology Administration,RITA,Research and Innovative Technology Administration (RITA),department-of-transportation-research-and-innovative-technology-administration,Department of Transportation (DOT) - Research and Innovative Technology Administration (RITA),http://catalog.data.gov/organization/rita-dot-gov,Federal,56
Department of Transportation,DOT,Department of Transportation (DOT),Saint Lawrence Seaway Development Corporation,SLSDC,Saint Lawrence Seaway Development Corporation (SLSDC),department-of-transportation-saint-lawrence-seaway-development-corporation,Department of Transportation (DOT) - Saint Lawrence Seaway Development Corporation (SLSDC),http://catalog.data.gov/organization/slsdc-dot-gov,Federal,1
Department of Transportation,DOT,Department of Transportation (DOT),Surface Transportation Board,STB,Surface Transportation Board (STB),department-of-transportation-surface-transportation-board,Department of Transportation (DOT) - Surface Transportation Board (STB),http://catalog.data.gov/organization/stb-dot-gov,Federal,1
Department of Veterans Affairs,VA,Department of Veterans Affairs (VA),National Cemetery Administration,NCA,National Cemetery Administration (NCA),department-of-veterans-affairs-national-cemetery-administration,Department of Veterans Affairs (VA) - National Cemetery Administration (NCA),http://catalog.data.gov/organization/nca-va-gov,Federal,56
Department of Veterans Affairs,VA,Department of Veterans Affairs (VA),,,,department-of-veterans-affairs-gen,Department of Veterans Affairs (VA),http://catalog.data.gov/dataset?q=organization:va-gov,Federal,27
Department of Veterans Affairs,VA,Department of Veterans Affairs (VA),Veterans Benefits Administration,VBA,Veterans Benefits Administration (VBA),department-of-veterans-affairs-veterans-benefits-administration,Department of Veterans Affairs (VA) - Veterans Benefits Administration (VBA),http://catalog.data.gov/dataset?q=organization:vba-va-gov,Federal,70
Department of Veterans Affairs,VA,Department of Veterans Affairs (VA),Veterans Health Administration,VHA,Veterans Health Administration (VHA),department-of-veterans-affairs-veterans-health-administration,Department of Veterans Affairs (VA) - Veterans Health Administration (VHA),http://catalog.data.gov/dataset?q=organization:vha-va-gov,Federal,18
Department of Veterans Affairs,VA,Department of Veterans Affairs (VA),Environmental Protection Agency,EPA,Environmental Protection Agency (EPA),department-of-veterans-affairs-environmental-protection-agency,Department of Veterans Affairs (VA) - Environmental Protection Agency (EPA),http://catalog.data.gov/dataset?q=organization:((epa-gov)),Federal,1
District of Columbia,DC,District of Columbia (DC),,,,district-of-columbia-gen,District of Columbia (DC),http://data.dc.gov/,State,
Election Assistance Commission,EAC,Election Assistance Commission (EAC),,,,election-assistance-commission-gen,Election Assistance Commission (EAC),http://catalog.data.gov/organization/eac-gov,Federal,6
Executive Office of the President,EOP,Executive Office of the President (EOP),Networking and Information Technology Research and Development,NITRD,Networking and Information Technology Research and Development (NITRD),executive-office-of-the-president-networking-and-information-technology-research-and-development,Executive Office of the President (EOP) - Networking and Information Technology Research and Development (NITRD),http://catalog.data.gov/organization/nitrd-gov,Federal,1
Executive Office of the President,EOP,Executive Office of the President (EOP),Council on Environmental Quality,CEQ,Council on Environmental Quality (CEQ),executive-office-of-the-president-council-on-environmental-quality,Executive Office of the President (EOP) - Council on Environmental Quality (CEQ),http://catalog.data.gov/organization/ceq-eop-gov,Federal,101
Executive Office of the President,EOP,Executive Office of the President (EOP),Office of Management and Budget,OMB,Office of Management and Budget (OMB),executive-office-of-the-president-office-of-management-and-budget,Executive Office of the President (EOP) - Office of Management and Budget (OMB),http://catalog.data.gov/organization/omb-eop-gov,Federal,21
Executive Office of the President,EOP,Executive Office of the President (EOP),Office of National Drug Control Policy,ONDCP,Office of National Drug Control Policy (ONDCP),executive-office-of-the-president-office-of-national-drug-control-policy,Executive Office of the President (EOP) - Office of National Drug Control Policy (ONDCP),http://catalog.data.gov/organization/ondcp-eop-gov,Federal,1
Executive Office of the President,EOP,Executive Office of the President (EOP),Office of Science and Technology Policy,OSTP,Office of Science and Technology Policy (OSTP),executive-office-of-the-president-office-of-science-and-technology-policy,Executive Office of the President (EOP) - Office of Science and Technology Policy (OSTP),http://catalog.data.gov/organization/ostp-eop-gov,Federal,6
Executive Office of the President,EOP,Executive Office of the President (EOP),,,,executive-office-of-the-president-gen,Executive Office of the President (EOP),http://catalog.data.gov/dataset?q=organization:((wh-eop-gov)+OR+(ceq-eop-gov)+OR+(omb-eop-gov)+OR+(ondcp-eop-gov)+OR+(ostp-eop-gov)+OR+(ustr-eop-gov)),Federal,151
Executive Office of the President,EOP,Executive Office of the President (EOP),US Trade Representative,USTR,US Trade Representative (USTR),executive-office-of-the-president-us-trade-representative,Executive Office of the President (EOP) - US Trade Representative (USTR),http://catalog.data.gov/dataset?q=organization:ustr-eop-gov,Federal,17
Executive Office of the President,EOP,Executive Office of the President (EOP),White House,WH,White House (WH),executive-office-of-the-president-white-house,Executive Office of the President (EOP) - White House (WH),http://catalog.data.gov/dataset?q=organization:wh-eop-gov,Federal,5
Export-Import Bank of the US,EX-IM,Export-Import Bank of the US (EX-IM),,,,export-import-bank-of-the-us-gen,Export-Import Bank of the US (EX-IM),http://catalog.data.gov/organization/exim-gov,Federal,18
Federal Communications Commission,FCC,Federal Communications Commission (FCC),,,,federal-communications-commission-gen,Federal Communications Commission (FCC),http://catalog.data.gov/organization/fcc-gov,Federal,12
Federal Deposit Insurance Corporation,FDIC,Federal Deposit Insurance Corporation (FDIC),,,,federal-deposit-insurance-corporation-gen,Federal Deposit Insurance Corporation (FDIC),http://catalog.data.gov/organization/fdic-gov,Federal,3
Federal Election Commission,FED,Federal Election Commission (FED),,,,federal-election-commission-gen,Federal Election Commission (FED),http://catalog.data.gov/organization/fec-gov,Federal,4
Federal Geographic Data Committee,FGDC,Federal Geographic Data Committee (FGDC),,,,federal-geographic-data-committee-gen,Federal Geographic Data Committee (FGDC),http://catalog.data.gov/organization/fgdc-gov,Federal,372
Federal Government,,Federal Government,Department of Housing and Urban Development,HUD,Department of Housing and Urban Development (HUD),federal-government-department-of-housing-and-urban-development,Federal Government - Department of Housing and Urban Development (HUD),http://catalog.data.gov/organization/hud-gov,Federal,47
Federal Housing Finance Agency,FHFA,Federal Housing Finance Agency (FHFA),,,,federal-housing-finance-agency-gen,Federal Housing Finance Agency (FHFA),http://catalog.data.gov/organization/fhfa-gov,Federal,9
Federal Reserve Board,FED,Federal Reserve Board (FED),,,,federal-reserve-board-gen,Federal Reserve Board (FED),http://catalog.data.gov/organization/frb-gov,Federal,5
Florida,FL,Florida (FL),,,,florida-gen,Florida (FL),http://www.floridahasarighttoknow.com/,State,
General Services Administration,GSA,General Services Administration (GSA),,,,general-services-administration-gen,General Services Administration (GSA),http://catalog.data.gov/organization/gsa-gov,Federal,5
General Services Administration,GSA,General Services Administration (GSA),Federal Acquisition Service,FAS,Federal Acquisition Service (FAS),general-services-administration-federal-acquisition-service,General Services Administration (GSA) - Federal Acquisition Service (FAS),http://catalog.data.gov/organization/fas-gsa-gov,Federal,40
General Services Administration,GSA,General Services Administration (GSA),Office of Citizen Services and Innovative Technologies,OCSIT,Office of Citizen Services and Innovative Technologies (OCSIT),general-services-administration-office-of-citizen-services-and-innovative-technologies,General Services Administration (GSA) - Office of Citizen Services and Innovative Technologies (OCSIT),http://catalog.data.gov/organization/ocsit-gsa-gov,Federal,27
General Services Administration,GSA,General Services Administration (GSA),Office of Governmentwide Policy,OGP,Office of Governmentwide Policy (OGP),general-services-administration-office-of-governmentwide-policy,General Services Administration (GSA) - Office of Governmentwide Policy (OGP),http://catalog.data.gov/organization/ogp-gsa-gov,Federal,56
General Services Administration,GSA,General Services Administration (GSA),Office of Performance Improvement,OPI,Office of Performance Improvement (OPI),general-services-administration-office-of-performance-improvement,General Services Administration (GSA) - Office of Performance Improvement (OPI),http://catalog.data.gov/organization/opi-gsa-gov,Federal,1
General Services Administration,GSA,General Services Administration (GSA),Office of the Chief Financial Officer,OCFO,Office of the Chief Financial Officer (OCFO),general-services-administration-office-of-the-chief-financial-officer,General Services Administration (GSA) - Office of the Chief Financial Officer (OCFO),http://catalog.data.gov/organization/ocfo-gsa-gov,Federal,1
General Services Administration,GSA,General Services Administration (GSA),Office of the Chief People Officer,OCPO,Office of the Chief People Officer (OCPO),general-services-administration-office-of-the-chief-people-officer,General Services Administration (GSA) - Office of the Chief People Officer (OCPO),http://catalog.data.gov/organization/cpo-gsa-gov,Federal,1
General Services Administration,GSA,General Services Administration (GSA),Public Buildings Service,PBS,Public Buildings Service (PBS),general-services-administration-public-buildings-service,General Services Administration (GSA) - Public Buildings Service (PBS),http://catalog.data.gov/organization/pbs-gsa-gov,Federal,9
Georgia,GA,Georgia (GA),,,,georgia-gen,Georgia (GA),http://www.open.georgia.gov/,State,
Gilpin County,GC,Gilpin County (GC),,,,gilpin-county-gen,Gilpin County (GC),http://data.opencolorado.org/group/gilpin-county,City/County,
Great Lakes Commission,GLC,Great Lakes Commission (GLC),,,,great-lakes-commission-gen,Great Lakes Commission (GLC),http://catalog.data.gov/organization/glc-org,Federal,61
Hawaii,HI,Hawaii (HI),,,,hawaii-gen,Hawaii (HI),http://data.hawaii.gov/,State,
Hawaii,HI,Hawaii (HI),Hawaii GIS,,Hawaii GIS,hawaii-hawaii-gis,Hawaii (HI) - Hawaii GIS,http://gis.hicentral.com/,State,
Honolulu,HNL,Honolulu (HNL),,,,honolulu-gen,Honolulu (HNL),https://data.honolulu.gov/,City/County,
Houston,,Houston,,,,houston-gen,Houston,http://data.codeforhouston.com/,City/County,
Idaho,ID,Idaho (ID),Coeur d'Alene Tribe,CDATRIBE,Coeur d'Alene Tribe (CDATRIBE),idaho-coeur-d'alene-tribe,Idaho (ID) - Coeur d'Alene Tribe (CDATRIBE),http://catalog.data.gov/organization/cdatribe-nsn-gov,State,1
Idaho State University,ISU,Idaho State University (ISU),,,,idaho-state-university-gen,Idaho State University (ISU),http://catalog.data.gov/organization/isu-edu,University/Institution,119
Illinois,IL,Illinois (IL),,,,illinois-gen,Illinois (IL),http://data.illinois.gov/,State,
Illinois,IL,Illinois (IL),South Suburban Mayors and Managers,SSMMA,South Suburban Mayors and Managers (SSMMA),illinois-south-suburban-mayors-and-managers,Illinois (IL) - South Suburban Mayors and Managers (SSMMA),https://data.illinois.gov/ssmma,State,
Indiana,IN,Indiana (IN),,,,indiana-gen,Indiana (IN),http://inmap.indiana.edu/viewer.htm,State,
Information Sharing Environment,ISE,Information Sharing Environment (ISE),,,,information-sharing-environment-gen,Information Sharing Environment (ISE),http://catalog.data.gov/organization/ise-gov,Federal,2
Institute of Museum and Library Services,IMLS,Institute of Museum and Library Services (IMLS),,,,institute-of-museum-and-library-services-gen,Institute of Museum and Library Services (IMLS),http://catalog.data.gov/organization/imls-gov,Federal,21
Iowa,IA,Iowa (IA),,,,iowa-gen,Iowa (IA),http://data.iowa.gov/,State,
Iowa State University GIS Support and Research Facility,ISU GIS,Iowa State University GIS Support and Research Facility (ISU GIS),,,,iowa-state-university-gis-support-and-research-facility-gen,Iowa State University GIS Support and Research Facility (ISU GIS),http://catalog.data.gov/organization/iastate-edu,University/Institution,99
Kansas,KS,Kansas (KS),,,,kansas-gen,Kansas (KS),http://www.kansas.gov/KanView/,State,
Kansas,KS,Kansas (KS),Kansas Data Access and Support Center,DASC,Kansas Data Access and Support Center (DASC),kansas-kansas-data-access-and-support-center,Kansas (KS) - Kansas Data Access and Support Center (DASC),http://catalog.data.gov/organization/kgs-ku-edu,State,148
Kansas City,KC,Kansas City (KC),,,,kansas-city-gen,Kansas City (KC),https://data.kcmo.org/,City/County,
Kentucky,KY,Kentucky (KY),,,,kentucky-gen,Kentucky (KY),http://opendoor.ky.gov/search/Pages/spendingsearch.aspx,State,
Kentucky,KY,Kentucky (KY),Kentucky Geography Network,KYGEONET,Kentucky Geography Network (KYGEONET),kentucky-kentucky-geography-network,Kentucky (KY) - Kentucky Geography Network (KYGEONET),http://catalog.data.gov/organization/ky-gov,State,1
King County,,King County,,,,king-county-gen,King County,http://www.datakc.org/,City/County,
Las Vegas,LV,Las Vegas (LV),,,,las-vegas-gen,Las Vegas (LV),https://opendata.lasvegasnevada.gov/,City/County,
Lexington,,Lexington,,,,lexington-gen,Lexington,http://www.lexingtonky.gov/index.aspx?page=416,City/County,
Los Angeles,LA,Los Angeles (LA),,,,los-angeles-gen,Los Angeles (LA),https://controllerdata.lacity.org/browse,City/County,
Louisiana,LA,Louisiana (LA),,,,louisiana-gen,Louisiana (LA),http://wwwprd.doa.louisiana.gov/LaTrac/portal.cfm,State,
Louisiana,LA,Louisiana (LA),Louisiana Geographic Information Center,LAGIC,Louisiana Geographic Information Center (LAGIC),louisiana-louisiana-geographic-information-center,Louisiana (LA) - Louisiana Geographic Information Center (LAGIC),http://catalog.data.gov/organization/lagic-lsu-edu,State,279
Louisville,LVL,Louisville (LVL),,,,louisville-gen,Louisville (LVL),http://portal.louisvilleky.gov/service/data,City/County,
Madison,,Madison,,,,madison-gen,Madison,https://data.cityofmadison.com/,City/County,
Maine,ME,Maine (ME),,,,maine-gen,Maine (ME),http://www.maine.gov/data/,State,
Maryland,MD,Maryland (MD),,,,maryland-gen,Maryland (MD),https://data.maryland.gov/,State,
Massachusetts,MA,Massachusetts (MA),,,,massachusetts-gen,Massachusetts (MA),http://www.mass.gov/data/,State,
Merit Systems Protection Board,MSPB,Merit Systems Protection Board (MSPB),,,,merit-systems-protection-board-gen,Merit Systems Protection Board (MSPB),http://catalog.data.gov/organization/mspb-gov,Federal,3
Michigan,MI,Michigan (MI),,,,michigan-gen,Michigan (MI),http://www.michigan.gov/data/,State,
Millenium Challenge Corporation,MCC,Millenium Challenge Corporation (MCC),,,,millenium-challenge-corporation-gen,Millenium Challenge Corporation (MCC),http://catalog.data.gov/organization/mcc-gov,Federal,3
Minneapolis-St Paul,MSP,Minneapolis-St Paul (MSP),MetroGIS (Minneapolis-St. Paul Regional GIS Consortium),METROGIS,MetroGIS (Minneapolis-St. Paul Regional GIS Consortium) (METROGIS),minneapolis-st-paul-metrogis-(minneapolis-st-paul-regional-gis-consortium),Minneapolis-St Paul (MSP) - MetroGIS (Minneapolis-St. Paul Regional GIS Consortium) (METROGIS),http://catalog.data.gov/organization/metc-state-mn-us,City/County,12
Minnesota,MN,Minnesota (MN),Minnesota Department of Natural Resources,DNR,Minnesota Department of Natural Resources (DNR),minnesota-minnesota-department-of-natural-resources,Minnesota (MN) - Minnesota Department of Natural Resources (DNR),http://catalog.data.gov/organization/dnr-state-mn-us,State,178
Minnesota,MN,Minnesota (MN),,,,minnesota-gen,Minnesota (MN),http://catalog.data.gov/organization/state-mn-us,State,242
Missouri,MO,Missouri (MO),,,,missouri-gen,Missouri (MO),http://data.mo.gov/,State,
Missouri,MO,Missouri (MO),Accountability Portal,MAP,Accountability Portal (MAP),missouri-accountability-portal,Missouri (MO) - Accountability Portal (MAP),http://mapyourtaxes.mo.gov/MAP/Portal/Default.aspx,State,
Missouri,MO,Missouri (MO),Missouri Spatial Data Information Service,MSDIS,Missouri Spatial Data Information Service (MSDIS),missouri-missouri-spatial-data-information-service,Missouri (MO) - Missouri Spatial Data Information Service (MSDIS),http://catalog.data.gov/organization/missouri-edu,State,1
Montana,MT,Montana (MT),,,,montana-gen,Montana (MT),http://catalog.data.gov/organization/mt-gov,State,1
Montgomery County,,Montgomery County,,,,montgomery-county-gen,Montgomery County,https://data.montgomerycountymd.gov/,City/County,
National Aeronautics and Space Administration,NASA,National Aeronautics and Space Administration (NASA),Jet Propulsion Laboratory,JPL,Jet Propulsion Laboratory (JPL),national-aeronautics-and-space-administration-jet-propulsion-laboratory,National Aeronautics and Space Administration (NASA) - Jet Propulsion Laboratory (JPL),http://catalog.data.gov/organization/jpl-nasa-gov,Federal,2
National Aeronautics and Space Administration,NASA,National Aeronautics and Space Administration (NASA),,,,national-aeronautics-and-space-administration-gen,National Aeronautics and Space Administration (NASA),http://catalog.data.gov/organization/nasa-gov,Federal,25
National Archives and Records Administration,NARA,National Archives and Records Administration (NARA),,,,national-archives-and-records-administration-gen,National Archives and Records Administration (NARA),http://catalog.data.gov/organization/nara-gov,Federal,7
National Archives and Records Administration,NARA,National Archives and Records Administration (NARA),Office of the Federal Register,OFR,Office of the Federal Register (OFR),national-archives-and-records-administration-office-of-the-federal-register,National Archives and Records Administration (NARA) - Office of the Federal Register (OFR),http://catalog.data.gov/organization/gpo-gov,Federal,41
National Capital Planning Commission,NCPC,National Capital Planning Commission (NCPC),,,,national-capital-planning-commission-gen,National Capital Planning Commission (NCPC),http://catalog.data.gov/organization/ncpc-gov,Federal,5
National Endowment for the Arts,NEA,National Endowment for the Arts (NEA),,,,national-endowment-for-the-arts-gen,National Endowment for the Arts (NEA),http://catalog.data.gov/organization/nea-gov,Federal,1
National Endowment for the Humanities,NEH,National Endowment for the Humanities (NEH),,,,national-endowment-for-the-humanities-gen,National Endowment for the Humanities (NEH),http://catalog.data.gov/organization/neh-gov,Federal,6
National Labor Relations Board,NLRB,National Labor Relations Board (NLRB),,,,national-labor-relations-board-gen,National Labor Relations Board (NLRB),http://catalog.data.gov/organization/nlrb-gov,Federal,56
National Science Foundation,NSF,National Science Foundation (NSF),,,,national-science-foundation-gen,National Science Foundation (NSF),http://catalog.data.gov/organization/nsf-gov,Federal,53
National States Geographic Information Council,NSGIC,National States Geographic Information Council (NSGIC),GIS Inventory (aka Ramona),RAMONA,GIS Inventory (aka Ramona) (RAMONA),national-states-geographic-information-council-gis-inventory-(aka-ramona),National States Geographic Information Council (NSGIC) - GIS Inventory (aka Ramona) (RAMONA),http://catalog.data.gov/organization/gis-inventory-ramona-nsgic,Federal,21941
National Transportation Safety Board,NTSB,National Transportation Safety Board (NTSB),,,,national-transportation-safety-board-gen,National Transportation Safety Board (NTSB),http://catalog.data.gov/organization/ntsb-gov,Federal,22
Nebraska,NE,Nebraska (NE),,,,nebraska-gen,Nebraska (NE),http://www.nebraska.gov/data/,State,
New Hampshire,NH,New Hampshire (NH),,,,new-hampshire-gen,New Hampshire (NH),http://nhopengov.org/,State,
New Mexico,NM,New Mexico (NM),,,,new-mexico-gen,New Mexico (NM),http://www.sunshineportalnm.com/,State,
New Orleans,NO,New Orleans (NO),,,,new-orleans-gen,New Orleans (NO),http://data.nola.gov/,City/County,
New York,NY,New York (NY),,,,new-york-gen,New York (NY),https://data.ny.gov/,State,
New York,NY,New York (NY),NY State Senate,Senate,NY State Senate (Senate),new-york-ny-state-senate,New York (NY) - NY State Senate (Senate),http://www.nysenate.gov/opendata/,State,
New York,NY,New York (NY),New York State Data Center,SDC,New York State Data Center (SDC),new-york-new-york-state-data-center,New York (NY) - New York State Data Center (SDC),http://esd.ny.gov/NYSDataCenter.html,State,
New York,NY,New York (NY),NY Department of Health,DOH,NY Department of Health (DOH),new-york-ny-department-of-health,New York (NY) - NY Department of Health (DOH),https://health.data.ny.gov/,State,
New York City,NYC,New York City (NYC),,,,new-york-city-gen,New York City (NYC),http://www.nyc.gov/data/,City/County,
North Carolina,NC,North Carolina (NC),NC OpenBook,,NC OpenBook,north-carolina-nc-openbook,North Carolina (NC) - NC OpenBook,http://www.ncopenbook.gov/,State,
North Carolina,NC,North Carolina (NC),,,,north-carolina-gen,North Carolina (NC),http://catalog.data.gov/organization/nc-gov,State,4
North Dakota,ND,North Dakota (ND),North Dakota GIS Hub,ND GIS,North Dakota GIS Hub (ND GIS),north-dakota-north-dakota-gis-hub,North Dakota (ND) - North Dakota GIS Hub (ND GIS),http://www.nd.gov/gis/,State,
North Dakota,ND,North Dakota (ND),,,,north-dakota-gen,North Dakota (ND),http://catalog.data.gov/organization/nd-gov,State,175
Nuclear Regulatory Commission,NRC,Nuclear Regulatory Commission (NRC),,,,nuclear-regulatory-commission-gen,Nuclear Regulatory Commission (NRC),http://catalog.data.gov/organization/nrc-gov,Federal,30
Nuna Technologies,,Nuna Technologies,,,,nuna-technologies-gen,Nuna Technologies,http://catalog.data.gov/organization/usa-net,Federal,9
Oak Ridge National Laboratory,ORNL,Oak Ridge National Laboratory (ORNL),,,,oak-ridge-national-laboratory-gen,Oak Ridge National Laboratory (ORNL),http://catalog.data.gov/organization/ornl-gov,Federal,73
Occupational Safety and Health Review Commission,OSHRC,Occupational Safety and Health Review Commission (OSHRC),,,,occupational-safety-and-health-review-commission-gen,Occupational Safety and Health Review Commission (OSHRC),http://catalog.data.gov/organization/oshrc-gov,Federal,3
Office of Navajo and Hopi Indian Relocation,ONHIR,Office of Navajo and Hopi Indian Relocation (ONHIR),,,,office-of-navajo-and-hopi-indian-relocation-gen,Office of Navajo and Hopi Indian Relocation (ONHIR),http://catalog.data.gov/organization/onhir-gov,Federal,4
Office of Personnel Management,OPM,Office of Personnel Management (OPM),,,,office-of-personnel-management-gen,Office of Personnel Management (OPM),http://catalog.data.gov/organization/opm-gov,Federal,68
Ohio,OH,Ohio (OH),,,,ohio-gen,Ohio (OH),http://transparency.ohio.gov/,State,
Oklahoma,OK,Oklahoma (OK),,,,oklahoma-gen,Oklahoma (OK),http://www.ok.gov/about/data.html,State,
Open Door Kentucky,,Open Door Kentucky,,,,open-door-kentucky-gen,Open Door Kentucky,http://opendoor.ky.gov/transparency/Pages/default.aspx,City/County,
Oregon,OR,Oregon (OR),,,,oregon-gen,Oregon (OR),http://data.oregon.gov/,State,
Oregon State University,OSU,Oregon State University (OSU),,,,oregon-state-university-gen,Oregon State University (OSU),http://catalog.data.gov/organization/oregonstate-edu,University/Institution,1
Overseas Private Investment Corporation,OPIC,Overseas Private Investment Corporation (OPIC),,,,overseas-private-investment-corporation-gen,Overseas Private Investment Corporation (OPIC),http://catalog.data.gov/organization/opic-gov,Federal,3
Pacific States Marine Fisheries Commission,PSMFC,Pacific States Marine Fisheries Commission (PSMFC),,,,pacific-states-marine-fisheries-commission-gen,Pacific States Marine Fisheries Commission (PSMFC),http://catalog.data.gov/organization/psmfc-org,Federal,33
Palo Alto,PA,Palo Alto (PA),,,,palo-alto-gen,Palo Alto (PA),http://data.cityofpaloalto.org/,City/County,
Pension Benefit Guaranty Corporation,PBGC,Pension Benefit Guaranty Corporation (PBGC),,,,pension-benefit-guaranty-corporation-gen,Pension Benefit Guaranty Corporation (PBGC),http://catalog.data.gov/organization/pbgc-gov,Federal,7
Philadelphia,PHILA,Philadelphia (PHILA),,,,philadelphia-gen,Philadelphia (PHILA),http://www.opendataphilly.org/,State,
Portland,PDX,Portland (PDX),,,,portland-gen,Portland (PDX),http://civicapps.org/datasets/,City/County,
Providence,,Providence,,,,providence-gen,Providence,https://data.providenceri.gov/,City/County,
Railroad Retirement Board,RRB,Railroad Retirement Board (RRB),,,,railroad-retirement-board-gen,Railroad Retirement Board (RRB),http://catalog.data.gov/organization/rrb-gov,Federal,5
Raleigh,,Raleigh,,,,raleigh-gen,Raleigh,http://www.raleighnc.gov/open/,City/County,
Rhode Island,RI,Rhode Island (RI),,,,rhode-island-gen,Rhode Island (RI),http://www.ri.gov/data/,State,
Rockford,RFD,Rockford (RFD),,,,rockford-gen,Rockford (RFD),https://data.illinois.gov/rockford,City/County,
San Francisco,SF,San Francisco (SF),,,,san-francisco-gen,San Francisco (SF),http://www.datasf.org/,City/County,
San Mateo County,SMC,San Mateo County (SMC),,,,san-mateo-county-gen,San Mateo County (SMC),https://data.smcgov.org/,City/County,
Santa Cruz,SC,Santa Cruz (SC),,,,santa-cruz-gen,Santa Cruz (SC),http://data.cityofsantacruz.com/,City/County,
Scottsdale,SDL,Scottsdale (SDL),,,,scottsdale-gen,Scottsdale (SDL),http://data.scottsdaleaz.gov/,City/County,
Seattle,SEA,Seattle (SEA),,,,seattle-gen,Seattle (SEA),http://data.seattle.gov/,City/County,
Securities and Exchange Commission,SEC,Securities and Exchange Commission (SEC),,,,securities-and-exchange-commission-gen,Securities and Exchange Commission (SEC),http://catalog.data.gov/organization/sec-gov,Federal,21
Selective Service System,SSS,Selective Service System (SSS),,,,selective-service-system-gen,Selective Service System (SSS),http://catalog.data.gov/organization/sss-gov,Federal,9
Small Business Administration,SBA,Small Business Administration (SBA),,,,small-business-administration-gen,Small Business Administration (SBA),http://catalog.data.gov/organization/sba-gov,Federal,9
Social Security Administration,SSA,Social Security Administration (SSA),,,,social-security-administration-gen,Social Security Administration (SSA),http://catalog.data.gov/organization/ssa-gov,Federal,57
Somerville,,Somerville,,,,somerville-gen,Somerville,http://data.somervillema.gov/,City/County,
South Bend,SBN,South Bend (SBN),,,,south-bend-gen,South Bend (SBN),https://data.southbendin.gov/,City/County,
South Dakota,SD,South Dakota (SD),,,,south-dakota-gen,South Dakota (SD),http://open.sd.gov/,State,
Tennessee,TN,Tennessee (TN),,,,tennessee-gen,Tennessee (TN),http://www.tn.gov/opengov/,State,
Texas,TX,Texas (TX),,,,texas-gen,Texas (TX),http://www.texas.gov/en/Connect/Pages/open-data.aspx,State,
Texas,TX,Texas (TX),Texas Transparency,,Texas Transparency,texas-texas-transparency,Texas (TX) - Texas Transparency,http://www.texastransparency.org/opendata/index.php,State,
U.S. Department of Health & Human Services,HHS,U.S. Department of Health & Human Services (HHS),,,,us-department-of-health-&-human-services-gen,U.S. Department of Health & Human Services (HHS),http://catalog.data.gov/organization/hhs-gov,Federal,906
U.S. Environmental Protection Agency,EPA,U.S. Environmental Protection Agency (EPA),,,,us-environmental-protection-agency-gen,U.S. Environmental Protection Agency (EPA),http://catalog.data.gov/organization/epa-gov,Federal,1812
Univ of South Carolina,SC,Univ of South Carolina (SC),Baruch Institute for Marine and Coastal Sciences,,Baruch Institute for Marine and Coastal Sciences,univ-of-south-carolina-baruch-institute-for-marine-and-coastal-sciences,Univ of South Carolina (SC) - Baruch Institute for Marine and Coastal Sciences,http://catalog.data.gov/organization/belle-baruch-sc-edu,University/Institution,28
University of Alaska,UA,University of Alaska (UA),Geographic Information Network of Alaska - University of Alaska,GINA,Geographic Information Network of Alaska - University of Alaska (GINA),university-of-alaska-geographic-information-network-of-alaska---university-of-alaska,University of Alaska (UA) - Geographic Information Network of Alaska - University of Alaska (GINA),http://catalog.data.gov/organization/gina-alaska-edu,University/Institution,1
University of Arizona,UA,University of Arizona (UA),,,,university-of-arizona-gen,University of Arizona (UA),http://catalog.data.gov/organization/university-of-arizona,University/Institution,6
University of California San Diego,UCSD,University of California San Diego (UCSD),,,,university-of-california-san-diego-gen,University of California San Diego (UCSD),http://catalog.data.gov/organization/splash-ucsd-edu,University/Institution,239
University of Idaho,UI,University of Idaho (UI),,,,university-of-idaho-gen,University of Idaho (UI),http://catalog.data.gov/organization/uidaho-edu,University/Institution,386
University of New Hampshire,UNH,University of New Hampshire (UNH),,,,university-of-new-hampshire-gen,University of New Hampshire (UNH),http://catalog.data.gov/organization/unh-edu,University/Institution,64
University of New Mexico,UNH,University of New Mexico (UNH),Earth Data Analysis Center,EDAC,Earth Data Analysis Center (EDAC),university-of-new-mexico-earth-data-analysis-center,University of New Mexico (UNH) - Earth Data Analysis Center (EDAC),http://catalog.data.gov/organization/edac-unm-edu,University/Institution,4165
University of Rhode Island,URI,University of Rhode Island (URI),University of Rhode Island Geospatial Extension Program,GEP,University of Rhode Island Geospatial Extension Program (GEP),university-of-rhode-island-university-of-rhode-island-geospatial-extension-program,University of Rhode Island (URI) - University of Rhode Island Geospatial Extension Program (GEP),http://catalog.data.gov/organization/edc-uri-edu,University/Institution,22
University of Washington,UW,University of Washington (UW),,,,university-of-washington-gen,University of Washington (UW),http://catalog.data.gov/organization/u-washington-edu,University/Institution,1
US Agency for International Development,USAID,US Agency for International Development (USAID),,,,us-agency-for-international-development-gen,US Agency for International Development (USAID),http://catalog.data.gov/organization/usaid-gov,Federal,21
US Consumer Product Safety Commission,CPSC,US Consumer Product Safety Commission (CPSC),,,,us-consumer-product-safety-commission-gen,US Consumer Product Safety Commission (CPSC),http://catalog.data.gov/organization/cpsc-gov,Federal,7
US Equal Employment Opportunity Commission,EEOC,US Equal Employment Opportunity Commission (EEOC),,,,us-equal-employment-opportunity-commission-gen,US Equal Employment Opportunity Commission (EEOC),http://catalog.data.gov/organization/eeoc-gov,Federal,48
US International Trade Commission,USITC,US International Trade Commission (USITC),,,,us-international-trade-commission-gen,US International Trade Commission (USITC),http://catalog.data.gov/dataset?q=organization:((usitc-gov)),Federal,3
US Office of the Special Counsel,OSC,US Office of the Special Counsel (OSC),,,,us-office-of-the-special-counsel-gen,US Office of the Special Counsel (OSC),http://catalog.data.gov/organization/osc-gov,Federal,3
Utah,UT,Utah (UT),,,,utah-gen,Utah (UT),http://www.utah.gov/data/,State,
Virginia,VA,Virginia (VA),,,,virginia-gen,Virginia (VA),http://datapoint.apa.virginia.gov/,State,
Virginia,VA,Virginia (VA),Virginia Department of Environmental Quality,DEQ,Virginia Department of Environmental Quality (DEQ),virginia-virginia-department-of-environmental-quality,Virginia (VA) - Virginia Department of Environmental Quality (DEQ),http://catalog.data.gov/organization/deq-virginia-gov,State,2
Wake County,,Wake County,,,,wake-county-gen,Wake County,http://www.wakegov.com/data/Pages/default.aspx,City/County,
Washington,WA,Washington (WA),,,,washington-gen,Washington (WA),http://data.wa.gov/,State,
Weatherford,WF,Weatherford (WF),,,,weatherford-gen,Weatherford (WF),http://tx-weatherford2.civicplus.com/index.aspx?NID=1448,City/County,
Wellington,WEF,Wellington (WEF),,,,wellington-gen,Wellington (WEF),https://data.wellingtonfl.gov/,City/County,