agency_name,agency_abbrev,agency_type,subagency_name,subagency_abbrev,url,used_by,used_by_category,dataset_name,dataset_url
U.S. Environmental Protection Agency,EPA,Federal,General,,http://catalog.data.gov/organization/epa-gov,"3 Round Stones, Inc.",Data/Technology,Toxics Release Inventory (TRI) Programs,http://www2.epa.gov/toxics-release-inventory-tri-program/tri-data-and-tools
U.S. Environmental Protection Agency,EPA,Federal,General,,http://catalog.data.gov/organization/epa-gov,"3 Round Stones, Inc.",Data/Technology,Facilities Registry Service (FRS),http://www.epa.gov/enviro/html/fii/index.html
Department of Commerce,USDC,Federal,US Census Bureau,Census,http://catalog.data.gov/organization/census-gov,Abt Associates,Research & Consulting,US Census Bureau,http://www.census.gov/
U.S. Environmental Protection Agency,EPA,Federal,General,,http://catalog.data.gov/organization/epa-gov,Abt Associates,Research & Consulting,US Environmental Protection Agency (EPA) Integrated Risk Information System (IRIS),http://www.epa.gov/IRIS/
U.S. Environmental Protection Agency,EPA,Federal,General,,http://catalog.data.gov/organization/epa-gov,Abt Associates,Research & Consulting,US Environmental Protection Agency (EPA) Enforcement and Compliance History Online (ECHO),http://www.epa-echo.gov/echo/
Department of Health and Human Services,HHS,Federal,Centers for Medicare and Medicaid Services,CMS,http://catalog.data.gov/organization/cms-hhs-gov,Abt Associates,Research & Consulting,Medicare Nursing Home Compare,http://www.medicare.gov/nursinghomecompare/search.html
Department of Transportation,DOT,Federal,Pipeline and Hazardous Materials Safety Administration,PHMSA,http://catalog.data.gov/organization/phmsa-dot-gov,Abt Associates,Research & Consulting,US Department of Transportation Pipeline and Hazardous Materials Safety Administration (PHMSA) Office of Hazardous Materials Dietary Supplement Labeling Database,https://hazmatonline.phmsa.dot.gov/IncidentReportsSearch/search.aspx
Department of Labor,,Federal,Employee Benefits Security Administration,EBSA,http://catalog.data.gov/organization/esba-dol-gov,Abt Associates,Research & Consulting,US Department of Labor Employee Benefits Security Administration (EBSA) Enforcement Data,http://ogesdw.dol.gov/views/data_catalogs.php
Multiple city and local data sources,,City/County,General,,,Accela,Governance,,
Department of Health and Human Services,HHS,Federal,General,,http://catalog.data.gov/organization/cms-hhs-gov,Accenture,Data/Technology,"Accenture consults to national governments re: public data (e.g. EU, Canada)",
Department of Commerce,USDC,Federal,General,,http://catalog.data.gov/organization/doc-gov,AccuWeather,Environment & Weather,,
Multiple government open data sources,,Other,General,,,Acxiom,Data/Technology,,
Multiple government open data sources,,Other,General,,,Adobe Digital Government,Data/Technology,,
Department of Health and Human Services,HHS,Federal,General,,http://catalog.data.gov/organization/cms-hhs-gov,Aidin,Healthcare,Home Health Compare,http://healthdata.gov/data/dataset/home-health-compare-0
Department of Health and Human Services,HHS,Federal,General,,http://catalog.data.gov/organization/cms-hhs-gov,Aidin,Healthcare,Nursing Home Compare,http://healthdata.gov/data/dataset/nursing-home-compare
Multiple government open data sources,,Other,General,,,Allianz,Finance & Investment,,
Department of Commerce,USDC,Federal,US Census Bureau,Census,http://catalog.data.gov/organization/census-gov,Allied Van Lines,Transportation,zipcode data,
Department of Education,ED / DOED,Federal,General,,http://catalog.data.gov/organization/ed-gov,Alltuition,Education,,
Securities and Exchange Commission,SEC,Federal,General,,http://catalog.data.gov/organization/sec-gov,Altova,Data/Technology,,
Department of Health and Human Services,HHS,Federal,General,,http://catalog.data.gov/organization/cms-hhs-gov,Amazon Web Services,Data/Technology,,
Department of Commerce,USDC,Federal,General,,http://catalog.data.gov/organization/doc-gov,Amazon Web Services,Data/Technology,,
Department of Labor,,Federal,General,,http://catalog.data.gov/dataset?q=organization:((ecab-dol-gov)+OR+(whd-dol-gov)+OR+(esba-dol-gov)+OR+(ojc-dol-gov)+OR+(eta-dol-gov)+OR+(osha-dol-gov)+OR+(oalj-dol-gov)+OR+(oasp-dol-gov)+OR+(msha-dol-gov)+OR+(bls-gov)+OR+(brb-dol-gov)),Amazon Web Services,Data/Technology,,
Department of Transportation,DOT,Federal,General,,http://catalog.data.gov/organization/nhtsa-dot-gov,Amazon Web Services,Data/Technology,,
Department of Commerce,USDC,Federal,US Census Bureau,Census,http://catalog.data.gov/organization/census-gov,American Red Ball Movers,Transportation,zipcode data,
US Agency for International Development,USAID,Federal,General,,http://catalog.data.gov/organization/usaid-gov,Apextech LLC,Data/Technology,Grants Financial Data Maintained by NGOs,
US Agency for International Development,USAID,Federal,General,,http://catalog.data.gov/organization/usaid-gov,Apextech LLC,Data/Technology,US Agency for International Development (USAID) Grants Financial Data Maintained by NGOs,
Department of Defense,DOD,Federal,General,,http://catalog.data.gov/organization/usace-army-mil,Apextech LLC,Data/Technology,Accounting and Budgeting Data,
Department of Defense,DOD,Federal,General,,http://catalog.data.gov/organization/usace-army-mil,Apextech LLC,Data/Technology,US Department of Defense Accounting and Budgeting Data,
Department of Commerce,USDC,Federal,US Census Bureau,Census,http://catalog.data.gov/organization/census-gov,Appallicious,Data/Technology,US Census Bureau,http://www.census.gov
San Francisco,SF,City/County,General,,http://www.datasf.org/,Appallicious,Data/Technology,San Francisco Department of Public Health,https://data.sfgov.org/
San Francisco,SF,City/County,General,,http://www.datasf.org/,Appallicious,Data/Technology,San Francisco Parks & Recreation Info Department Dataset,https://data.sfgov.org/Parks-and-Recreation/Recreation-Park-Department-Park-Info-Dataset/z76i-7s65
Department of Health and Human Services,HHS,Federal,Centers for Disease Control and Prevention,CDC,http://www.cdc.gov/,Archimedes Inc.,Healthcare,National Health and Nutrition Examination Survey (NHANES),http://www.cdc.gov/nchs/nhanes.htm
Department of Health and Human Services,HHS,Federal,Centers for Disease Control and Prevention,CDC,http://www.cdc.gov/,Archimedes Inc.,Healthcare,National Ambulatory Medical Care Survey (NAMCS),http://www.cdc.gov/nchs/ahcd.htm
Department of Health and Human Services,HHS,Federal,Centers for Disease Control and Prevention,CDC,http://www.cdc.gov/,Archimedes Inc.,Healthcare,National Hospital Discharge Survey (NHDS),http://www.cdc.gov/nchs/nhds.htm
Department of Health and Human Services,HHS,Federal,Centers for Disease Control and Prevention,CDC,http://www.cdc.gov/,Archimedes Inc.,Healthcare,Compressed Mortality File (CMF),http://www.cdc.gov/nchs/data_access/cmf.htm
Department of Commerce,USDC,Federal,US Census Bureau,Census,http://catalog.data.gov/organization/census-gov,Arpin Van Lines,Transportation,zipcode data,
Multiple city and local data sources,,City/County,General,,,Arrive Labs,Transportation,,
Multiple federal data sources,,Federal,General,,,ASC Partners,Data/Technology,ASC works with Congressional Quarterly to bring the text of government efforts to address the financial crisis.,
Multiple government open data sources,,Other,General,,,Asset4,Finance & Investment,,
Social Security Administration,SSA,Federal,General,,http://catalog.data.gov/organization/ssa-gov,"Aunt Bertha, Inc.",Governance,Benefits.gov,www.benefits.gov
Department of the Treasury,,Federal,Internal Revenue Service,IRS,http://catalog.data.gov/organization/irs-gov,"Aunt Bertha, Inc.",Governance,Internal Revenue Service (IRS) SOI Tax Stats - Exempt Organizations Business Master File Extract (EO BMF),http://www.irs.gov/uac/SOI-Tax-Stats-Exempt-Organizations-Business-Master-File-Extract-(EO-BMF)
Department of Health and Human Services,HHS,Federal,Food and Drug Administration,FDA,http://www.fda.gov/,Aureus Sciences,Scientific Research,FDA approval packages,http://www.accessdata.fda.gov/scripts/cder/drugsatfda
Department of Commerce,USDC,Federal,General,,http://catalog.data.gov/organization/doc-gov,AutoGrid Systems,Energy,,
Multiple state data sources,,State,General,,,Avalara,Finance & Investment,,
Multiple city and local data sources,,City/County,General,,,Avalara,Finance & Investment,,
Multiple government open data sources,,Other,General,,,Avvo,Business & Legal Services,,
Department of Commerce,USDC,Federal,US Census Bureau,Census,http://catalog.data.gov/organization/census-gov,Azavea,Geospatial/Mapping,American Community Survey (ACS),http://www.census.gov/acs/www/data_documentation/summary_file/
Department of the Interior,DOI,Federal,U.S. Geological Survey,USGS,http://catalog.data.gov/dataset?q=organization:usgs-gov,Azavea,Geospatial/Mapping,National Elevation Dataset (NED),http://ned.usgs.gov/
Department of Commerce,USDC,Federal,General,,http://catalog.data.gov/organization/doc-gov,Bekins,Transportation,,
Multiple government open data sources,,Other,General,,,Berkery Noyes MandAsoft,Finance & Investment,"Data from the Healthcare, Education, Financial and Technology sectors",
Securities and Exchange Commission,SEC,Federal,General,,http://catalog.data.gov/organization/sec-gov,Berkshire Hathaway,Insurance,,
Department of the Treasury,,Federal,General,,http://catalog.data.gov/organization/treasury-gov,Berkshire Hathaway,Insurance,,
Multiple government open data sources,,Other,General,,,BetterLesson,Education,,
Consumer Financial Protection Bureau,CFPB,Federal,General,,http://catalog.data.gov/organization/cfpb-gov,BillGuard,Finance & Investment,CFPB Credit Card Complaint Database,https://data.consumerfinance.gov/dataset/Credit-card-complaint-responses-by-issue/3jqb-9gp3
Department of Health and Human Services,HHS,Federal,General,,http://catalog.data.gov/organization/cms-hhs-gov,Bing,Data/Technology,Uses data from HHS and the Institute of Medicine for visualization on Bing maps.,
Multiple government open data sources,,Other,General,,,BizVizz,Governance,,
Securities and Exchange Commission,SEC,Federal,General,,http://catalog.data.gov/organization/sec-gov,Black Rock,Finance & Investment,,
Multiple government open data sources,,Other,General,,,Bloomberg,Finance & Investment,,
Department of Defense,DOD,Federal,General,,http://catalog.data.gov/organization/usace-army-mil,Booz Allen Hamilton,Research & Consulting,,
Department of Homeland Security,DHS,Federal,General,,http://catalog.data.gov/organization/uscg-mil,Booz Allen Hamilton,Research & Consulting,,
Multiple government open data sources,,Other,General,,,Boston Consulting Group,Research & Consulting,,
Department of Labor,,Federal,Bureau of Labor Statistics,BLS,http://catalog.data.gov/organization/bls-gov,Bridgewater,Finance & Investment,Data on inflation,
Federal Reserve Board,FED,Federal,General,,http://catalog.data.gov/organization/frb-gov,Bridgewater,Finance & Investment,Data on currency exchange rates,
Department of Commerce,USDC,Federal,Bureau of Economic Analysis,BEA,http://catalog.data.gov/organization/bea-gov,Bridgewater,Finance & Investment,Data on U.S. gross domestic product,
Department of Labor,,Federal,General,,http://catalog.data.gov/dataset?q=organization:((ecab-dol-gov)+OR+(whd-dol-gov)+OR+(esba-dol-gov)+OR+(ojc-dol-gov)+OR+(eta-dol-gov)+OR+(osha-dol-gov)+OR+(oalj-dol-gov)+OR+(oasp-dol-gov)+OR+(msha-dol-gov)+OR+(bls-gov)+OR+(brb-dol-gov)),Brightscope,Finance & Investment,Retirement Plan Data,http://www.dol.gov/dol/topic/retirement/typesofplans.htm
Securities and Exchange Commission,SEC,Federal,General,,http://catalog.data.gov/organization/sec-gov,Brightscope,Finance & Investment,Investment Advisor Data,http://www.sec.gov/
Multiple city and local data sources,,City/County,General,,,Buildingeye,Housing/Real Estate,,
San Francisco,SF,City/County,General,,http://www.datasf.org/,BuildZoom,Housing/Real Estate,State Contractor License Data,
San Francisco,SF,City/County,General,,http://www.datasf.org/,BuildZoom,Housing/Real Estate,City Permit Data,
Department of Labor,,Federal,General,,http://catalog.data.gov/dataset?q=organization:((ecab-dol-gov)+OR+(whd-dol-gov)+OR+(esba-dol-gov)+OR+(ojc-dol-gov)+OR+(eta-dol-gov)+OR+(osha-dol-gov)+OR+(oalj-dol-gov)+OR+(oasp-dol-gov)+OR+(msha-dol-gov)+OR+(bls-gov)+OR+(brb-dol-gov)),Business and Legal Resources,Business & Legal Services,,
US Equal Employment Opportunity Commission,EEOC,Federal,General,,http://catalog.data.gov/organization/eeoc-gov,Business and Legal Resources,Business & Legal Services,,
Securities and Exchange Commission,SEC,Federal,General,,http://catalog.data.gov/organization/sec-gov,"Calcbench, Inc.",Finance & Investment,Securities and Exchange Commission,http://www.sec.gov/
Department of State,DOS,Federal,General,,http://catalog.data.gov/organization/state-gov,Cambridge Information Group,Finance & Investment,Congressional Research Service reports (CRS) and issue briefs,http://fpc.state.gov/c18185.htm
Multiple government open data sources,,Other,General,,,Cambridge Semantics,Data/Technology,,
Department of Commerce,USDC,Federal,General,,http://catalog.data.gov/organization/doc-gov,CAN Capital,Finance & Investment,,
Department of State,DOS,Federal,General,,http://catalog.data.gov/organization/state-gov,CAN Capital,Finance & Investment,,
Multiple government open data sources,,Other,General,,,Canon,Data/Technology,,
Securities and Exchange Commission,SEC,Federal,General,,http://catalog.data.gov/organization/sec-gov,Capital Cube,Finance & Investment,,
Securities and Exchange Commission,SEC,Federal,General,,http://catalog.data.gov/organization/sec-gov,Capital IQ,Finance & Investment,"Data on public companies, public offerings, filings, screening tools, macroeconomic data",
California,CA,State,General,,http://data.ca.gov/,Captricity,Data/Technology,California Fair Political Practices Commission (FPPC),http://www.fppc.ca.gov/
Department of the Treasury,,Federal,Internal Revenue Service,IRS,http://catalog.data.gov/organization/irs-gov,Captricity,Data/Technology,IRS Form 990 Return of Organization Exempt From Income Tax,"http://www.irs.gov/uac/Form-990,-Return-of-Organization-Exempt-From-Income-Tax-"
Department of Health and Human Services,HHS,Federal,General,,http://catalog.data.gov/organization/cms-hhs-gov,Castle Biosciences,Scientific Research,,
U.S. House of Representatives,,Federal Open Data,General,,,Civic Impulse LLC,Governance,Congressional votes (URL is for House votes),http://clerk.house.gov/legislative/legvotes.aspx
U.S. House of Representatives,,Federal Open Data,General,,,Civic Impulse LLC,Governance,Upcoming bills in the House,http://docs.house.gov/
Department of Commerce,USDC,Federal,US Census Bureau,Census,http://catalog.data.gov/organization/census-gov,Civinomics,Governance,United States Census 2010,http://www.census.gov/2010census/
Department of Energy,DOE,Federal,Office of Scientific and Technical Information,OSTI,http://catalog.data.gov/organization/osti-gov,Clean Power Finance,Energy,,
Department of Commerce,USDC,Federal,National Oceanic and Atmospheric Administration,NOAA,http://catalog.data.gov/organization/noaa-gov,Climate Corporation,Environment & Weather,Multi-sensor Radar Derived Daily Precipitation,www.ncep.noaa.gov
Department of the Interior,DOI,Federal,U.S. Geological Survey,USGS,http://catalog.data.gov/dataset?q=organization:usgs-gov,Climate Corporation,Environment & Weather,High Resolution Soil Dataset,http://www.usgs.gov/
Department of Agriculture,USDA,Federal,Natural Resources Conservation Service,NRCS,http://catalog.data.gov/organization/nrcs-usda-gov,Climate Corporation,Environment & Weather,,
National Aeronautics and Space Administration,NASA,Federal,General,,http://catalog.data.gov/organization/jpl-nasa-gov,Climate Corporation,Environment & Weather,,
Department of Labor,,Federal,General,,http://catalog.data.gov/dataset?q=organization:((ecab-dol-gov)+OR+(whd-dol-gov)+OR+(esba-dol-gov)+OR+(ojc-dol-gov)+OR+(eta-dol-gov)+OR+(osha-dol-gov)+OR+(oalj-dol-gov)+OR+(oasp-dol-gov)+OR+(msha-dol-gov)+OR+(bls-gov)+OR+(brb-dol-gov)),Cloudspyre,Data/Technology,,
Chicago,CHI,City/County,General,,http://data.cityofchicago.org/,Code for America,Data/Technology,,
Austin,AUS,City/County,General,,http://data.austintexas.gov/,Code for America,Data/Technology,,
Department of Education,ED / DOED,Federal,General,,http://catalog.data.gov/organization/ed-gov,College Abacus,Education,IPEDS,http://nces.ed.gov/ipeds/datacenter/
Department of Education,ED / DOED,Federal,Federal Student Aid,FAFSA,http://catalog.data.gov/organization/fsa-ed-gov,College Abacus,Education,Cohort Default Rates,http://studentaid.ed.gov/about/data-center/student/default
Department of Education,ED / DOED,Federal,Institute of Education Sciences,IES,http://catalog.data.gov/organization/ies-ed-gov,College Board,Education,,
Department of Health and Human Services,HHS,Federal,General,,http://catalog.data.gov/organization/cms-hhs-gov,Compendia Bioscience Life Technologies,Data/Technology,NIH,
Department of Health and Human Services,HHS,Federal,National Institutes of Health,NIH,http://catalog.data.gov/organization/nih-hhs-gov,Compendia Bioscience Life Technologies,Data/Technology,NCI Thesaurus,http://ncit.nci.nih.gov/
Department of Health and Human Services,HHS,Federal,National Institutes of Health,NIH,http://catalog.data.gov/organization/nih-hhs-gov,Compendia Bioscience Life Technologies,Data/Technology,RefSeq,http://www.ncbi.nlm.nih.gov/refseq/
Department of Health and Human Services,HHS,Federal,National Institutes of Health,NIH,http://catalog.data.gov/organization/nih-hhs-gov,Compendia Bioscience Life Technologies,Data/Technology,TCGA,http://cancergenome.nih.gov/
Utah,UT,State,General,,http://www.utah.gov/data/,Construction Monitor LLC,Housing/Real Estate,Building Permit Data,
Department of Health and Human Services,HHS,Federal,General,,http://catalog.data.gov/organization/cms-hhs-gov,Consumer Reports,Lifestyle & Consumer,,
Department of Commerce,USDC,Federal,US Census Bureau,Census,http://catalog.data.gov/organization/census-gov,Credit Sesame,Finance & Investment,US Census Bureau Median Income by County,http://www.census.gov/
Department of Commerce,USDC,Federal,US Census Bureau,Census,http://catalog.data.gov/organization/census-gov,Credit Sesame,Finance & Investment,US Census Bureau American Community Survey (ACS),https://www.census.gov/acs/www/
City of Chicago,,,General,,,DataMade,Governance,Crimes - 2001 to Present,https://data.cityofchicago.org/Public-Safety/Crimes-2001-to-present/ijzp-q8t2
Illinois,IL,State,General,,http://data.illinois.gov/,DataMade,Governance,The Open Data Portal for the Cook County Government - Cook County Budget 1993-2011,https://datacatalog.cookcountyil.gov/Finance-Administration/Cook-County-Budget-1993-2011/y39t-8wqx
,,,General,,,DataMarket,Data/Technology,US Government Priniting Office,www.gpo.gov/
Missouri,MO,State,General,,http://data.mo.gov/,DataMarket,Data/Technology,Federal Reserve Bank of St. Louis,http://www.stlouisfed.org/
U.S. Environmental Protection Agency,EPA,Federal,General,,http://catalog.data.gov/organization/epa-gov,"Energy Points, Inc.",Energy,eGRID,http://www.epa.gov/cleanenergy/energy-resources/egrid/index.html
Department of the Interior,DOI,Federal,U.S. Geological Survey,USGS,http://catalog.data.gov/dataset?q=organization:usgs-gov,"Energy Points, Inc.",Energy,Water Use in the United States 2010,http://water.usgs.gov/watuse/
National Archives and Records Administration,NARA,Federal,Office of the Federal Register,OFR,http://catalog.data.gov/organization/gpo-gov,Energy Solutions Forum,Energy,Federal Register: The Daily Journal of the United States Government,www.federalregister.gov/learn/developers
Department of Energy,DOE,Federal,General,,http://catalog.data.gov/organization/doe-gov,Enervee Corporation,Data/Technology,,
U.S. Environmental Protection Agency,EPA,Federal,General,,http://catalog.data.gov/organization/epa-gov,Enervee Corporation,Data/Technology,,
Department of Commerce,USDC,Federal,National Oceanic and Atmospheric Administration,NOAA,http://catalog.data.gov/organization/noaa-gov,Esri,Geospatial/Mapping,Federal GPS and Geographic Data,
Department of Commerce,USDC,Federal,US Census Bureau,Census,http://catalog.data.gov/organization/census-gov,Esri,Geospatial/Mapping,US Census Bureau,http://www.census.gov/
Securities and Exchange Commission,SEC,Federal,General,,http://catalog.data.gov/organization/sec-gov,Ez-XBRL,Finance & Investment,US Securities and Exchange Commision (SEC) Next-Generation EDGAR System,http://www.sec.gov/edgar/searchedgar/webusers.htm
Department of Agriculture,USDA,Federal,National Agricultural Statistics Service,NASS,http://catalog.data.gov/organization/nass-usda-gov,FarmLogs,Food & Agriculture,Cropland Data Layer,http://www.nass.usda.gov/research/Cropland/SARS1a.htm
Department of Commerce,USDC,Federal,National Weather Service,NWS,http://catalog.data.gov/organization/nws-doc-gov,FarmLogs,Food & Agriculture,Hourly Precipitation,http://www.nass.usda.gov/research/Cropland/SARS1a.htm
Administrative Office of the United States Courts,AO,Federal,General,,http://www.uscourts.gov/,Fastcase,Business & Legal Services,US Supreme Court - 2013 Term Opinions of the Court,http://www.supremecourt.gov/opinions/slipopinions.aspx
Administrative Office of the United States Courts,AO,Federal,General,,http://www.uscourts.gov/,Fastcase,Business & Legal Services,Office of the Law Revision Council,http://uscode.house.gov/download/download.shtml;jsessionid=1FA3E8C9BA28C9B85B4C2E813A18E7F2
Securities and Exchange Commission,SEC,Federal,General,,http://catalog.data.gov/organization/sec-gov,Fujitsu,Data/Technology,,
Department of Energy,DOE,Federal,Energy Information Administration,EIA,http://catalog.data.gov/organization/eia-doe-gov,Genability,Energy,Utility Data,http://www.eia.gov/electricity/data/eia923/
,,,General,,,GovTribe,Governance,Federal Business Opportunities (Fed Biz Opps),http://www.fbo.gov
,,,General,,,GovTribe,Governance,USA Spending,http://www.usaspending.gov
Department of Health and Human Services,HHS,Federal,Food and Drug Administration,FDA,http://www.fda.gov/,"Govzilla, Inc.",Governance,US Food and Drug Administration (FDA),http://www.fda.gov/
Department of Education,ED / DOED,Federal,National Center for Education Statistics,NCES,http://catalog.data.gov/organization/nces-ed-gov,GreatSchools,Education,Common Core of Data (CCD),http://nces.ed.gov/ccd/
California,CA,State,Department of Education,DOE,http://www.cde.ca.gov/ds/,GreatSchools,Education,2013 STAR Test Results,http://star.cde.ca.gov/star2013/ResearchFileList.aspx
District of Columbia,DC,State,General,,http://data.dc.gov/,"HDScores, Inc",Data/Technology,Washington DC Health Department,http://washington.dc.gegov.com/webadmin/dhd_431/web/?a=Inspections
Maryland,MD,State,General,,https://data.maryland.gov/,"HDScores, Inc",Data/Technology,Montgomery County Health Department,https://data.montgomerycountymd.gov/Community/Food-Inspection/5pue-gfbe
Virginia,VA,State,General,,http://datapoint.apa.virginia.gov/,"HDScores, Inc",Data/Technology,Virginia Health Department,http://www.healthspace.com/Clients/VDH/vdh_website.nsf
Department of Health and Human Services,HHS,Federal,Centers for Medicare and Medicaid Services,CMS,http://catalog.data.gov/organization/cms-hhs-gov,Healthgrades,Healthcare,CMS MEDPAR,
Department of Health and Human Services,HHS,Federal,Centers for Medicare and Medicaid Services,CMS,http://catalog.data.gov/organization/cms-hhs-gov,Healthgrades,Healthcare,18 State ALL Payer Hospital Dataset,
Department of Health and Human Services,HHS,Federal,General,,http://catalog.data.gov/organization/cms-hhs-gov,"HealthPocket, Inc.",Healthcare,HealthCare Finder API,http://www.healthdata.gov/dataset/search/HealthCare%20Finder%20API
Department of Health and Human Services,HHS,Federal,Centers for Medicare and Medicaid Services,CMS,http://catalog.data.gov/organization/cms-hhs-gov,"HealthPocket, Inc.",Healthcare,"Prescription Drug Plan Formulary, Pharmacy Network, and Pricing Information Files",http://www.cms.gov/Research-Statistics-Data-and-Systems/Files-for-Order/NonIdentifiableDataFiles/PrescriptionDrugPlanFormularyPharmacyNetworkandPricingInformationFiles.html
Department of Commerce,USDC,Federal,US Census Bureau,Census,http://catalog.data.gov/organization/census-gov,HelloWallet,Finance & Investment,Survey of Income and Program Participation,http://www.census.gov/sipp/
Federal Reserve Board,FED,Federal,General,,http://catalog.data.gov/organization/frb-gov,HelloWallet,Finance & Investment,Survey of Consumer Finances,http://www.federalreserve.gov/econresdata/scf/scfindex.htm
Department of Labor,,Federal,Bureau of Labor Statistics,BLS,http://catalog.data.gov/organization/bls-gov,HelloWallet,Finance & Investment,Consumer Expenditure Survey,http://www.bls.gov/cex/home.htm
Consumer Financial Protection Bureau,CFPB,Federal,General,,http://catalog.data.gov/organization/cfpb-gov,ideas42,Research & Consulting,Consumer Finance Protection Bureau (CFPB) Complaints Database,http://www.consumerfinance.gov/complaintdatabase/
U.S. Environmental Protection Agency,EPA,Federal,General,,http://catalog.data.gov/organization/epa-gov,ideas42,Research & Consulting,US Environmental Protection Agency (EPA) Fuel Economy,http://www.fueleconomy.gov/feg/download.shtml
,,,General,,,IPHIX,Finance & Investment,Recovery.gov,www.recovery.gov
Securities and Exchange Commission,SEC,Federal,General,,http://catalog.data.gov/organization/sec-gov,IPHIX,Finance & Investment,US Securities and Exchange Commission,www.sec.gov
Department of Health and Human Services,HHS,Federal,General,,http://catalog.data.gov/organization/cms-hhs-gov,iTriage,Healthcare,Community Health Clinics,www.hrsa.gov
Department of Health and Human Services,HHS,Federal,General,,http://catalog.data.gov/organization/cms-hhs-gov,iTriage,Healthcare,TXT4Tots,http://www.hhs.gov/digitalstrategy/open-data/txt4tots.html
Department of Health and Human Services,HHS,Federal,Centers for Medicare and Medicaid Services,CMS,http://catalog.data.gov/organization/cms-hhs-gov,iTriage,Healthcare,Home Health Facilities,www.cms.gov
Department of Health and Human Services,HHS,Federal,Centers for Medicare and Medicaid Services,CMS,http://catalog.data.gov/organization/cms-hhs-gov,iTriage,Healthcare,National Provider Identifier Standard,http://www.cms.gov/Regulations-and-Guidance/HIPAA-Administrative-Simplification/NationalProvIdentStand/DataDissemination.html
Department of Health and Human Services,HHS,Federal,Substance Abuse and Mental Health Services Administration,SAMHSA,http://catalog.data.gov/organization/samhsa-hhs-gov,iTriage,Healthcare,Mental Health & Substance Abuse Clinics,www.samhsa.gov
Department of Health and Human Services,HHS,Federal,Centers for Disease Control and Prevention,CDC,http://www.cdc.gov/,iTriage,Healthcare,National Ambulatory Medical Care Survey (NAMCS) and National Hospital Ambulatory Medical Care Survey (NHAMCS),www.cdc.gov
Department of Health and Human Services,HHS,Federal,Centers for Disease Control and Prevention,CDC,http://www.cdc.gov/,iTriage,Healthcare,National Hospital Ambulatory Medical Care Survey (NHAMCS),www.cdc.gov
Palo Alto,PA,City/County,General,,http://data.cityofpaloalto.org/,Junar,Data/Technology,City of Palo Alto Development Center Permits,http://bit.ly/YG1mm4
California,CA,State,General,,http://data.ca.gov/,Junar,Data/Technology,Finance Data City of Cupertino,http://bit.ly/13Gii8P
California,CA,State,General,,http://data.ca.gov/,Lawdragon,Business & Legal Services,Databases of Licensed Lawyers,http://www.calbar.ca.gov/Public.aspx
Administrative Office of the United States Courts,AO,Federal,General,,http://www.uscourts.gov/,Lawdragon,Business & Legal Services,Public Access to Court Electronic Records (PACER),http://www.pacer.gov/
Bills from all 50 states,,,General,,,"LegiNation, Inc.",Governance,,
Department of Agriculture,USDA,Federal,General,,http://catalog.data.gov/organization/ams-usda-gov,LoseIt.com,Lifestyle & Consumer,,
Department of Commerce,USDC,Federal,National Oceanic and Atmospheric Administration,NOAA,http://catalog.data.gov/organization/noaa-gov,Lucid,Energy,NOAA weather data across the U.S.,
U.S. Environmental Protection Agency,EPA,Federal,General,,http://catalog.data.gov/organization/epa-gov,Lucid,Energy,EPA/DOE electricity cost and emissions data by state,
Department of Energy,DOE,Federal,General,,http://catalog.data.gov/organization/doe-gov,Lucid,Energy,EIA electricity cost and emissions data by state,http://www.eia.gov/
Department of Commerce,USDC,Federal,General,,http://catalog.data.gov/organization/doc-gov,M1T,Data/Technology,,
Department of the Interior,DOI,Federal,U.S. Geological Survey,USGS,http://catalog.data.gov/dataset?q=organization:usgs-gov,MapBox,Geospatial/Mapping,Landsat,http://landsat.usgs.gov
Department of Agriculture,USDA,Federal,General,,http://catalog.data.gov/organization/ams-usda-gov,MapBox,Geospatial/Mapping,National agriculture imagery program (NAIP),http://www.fsa.usda.gov/FSA/apfoapp?area=home&subject=prog&topic=nai
Department of Health and Human Services,HHS,Federal,Food and Drug Administration,FDA,http://www.fda.gov/,MedWatcher,Data/Technology,FDA Adverse Event Reporting System data files,http://www.fda.gov/Drugs/GuidanceComplianceRegulatoryInformation/Surveillance/AdverseDrugEffects/ucm082193.htm
Department of Agriculture,USDA,Federal,Agricultural Marketing Service,AMS,http://catalog.data.gov/organization/ams-usda-gov,Mercaris,Food & Agriculture,AMS Market News Report,http://marketnews.usda.gov/portal/lg
Department of Agriculture,USDA,Federal,Foreign Agricultural Service,FAS,http://catalog.data.gov/organization/fas-usda-gov,Mercaris,Food & Agriculture,GATS,http://www.fas.usda.gov/gats/ExpressQuery1.aspx
Centers for Medicare & Medicaid Services (CMS),,,General,,,NerdWallet,Finance & Investment,CMS,http://www.cms.gov/Research-Statistics-Data-and-Systems/Statistics-Trends-and-Reports/Medicare-Provider-Charge-Data/index.html
US Census Bureau,,,General,,,NerdWallet,Finance & Investment,,census.gov
San Francisco Data,,,General,,,New Media Parents,Geospatial/Mapping,San Francisco,https://data.sfgov.org/
Seattle,SEA,City/County,General,,http://data.seattle.gov/,New Media Parents,Geospatial/Mapping,City of Seattle Parks,https://data.seattle.gov/dataset/City-Of-Seattle-Parks/kxj9-se6t
,,,General,,,nGAP Incorporated,Governance,US Contract / Task Order Spending Details,http://www.ngap.com/learn/using-oas/oas-structure-facilitates-reporting.aspx
,,,General,,,nGAP Incorporated,Governance,Contract Repository,
Department of the Treasury,,Federal,Internal Revenue Service,IRS,http://catalog.data.gov/organization/irs-gov,NonprofitMetrics,Research & Consulting,IRS Business Master File (BMF),http://www.irs.gov/uac/SOI-Tax-Stats-Exempt-Organizations-Business-Master-File-Extract-(EO-BMF)
,,,General,,,Nuams (New Amsterdam Ideas),Data/Technology,US National Foreclosure Statistics January 2012,http://demo.getdkan.com/dataset/us-national-foreclosure-statistics-january-2012/resource/d9ed9373-4371-4f94-a17d
Department of Health and Human Services,HHS,Federal,General,,http://catalog.data.gov/organization/cms-hhs-gov,Numedii,Scientific Research,,
New York,NY,State,General,,https://data.ny.gov/,"Ontodia, Inc",Data/Technology,,
New York City,NYC,City/County,General,,http://www.nyc.gov/data/,"Ontodia, Inc",Data/Technology,NYC open data,https://data.cityofnewyork.us/
Louisville Metro Parcels,,,General,,,"OpportunitySpace, Inc.",Housing/Real Estate,,
Louisville,LVL,City/County,General,,http://portal.louisvilleky.gov/service/data,"OpportunitySpace, Inc.",Housing/Real Estate,Consolidated Sales Inventory,http://vapstat.louisvilleky.gov/sites/vapstat.louisvilleky.gov/files/documents/Sales%20Inventory/Sales_Inventory_10.03.13.xlsx
Securities and Exchange Commission,SEC,Federal,General,,http://catalog.data.gov/organization/sec-gov,OTC Markets,Finance & Investment,,
Department of Education,ED / DOED,Federal,National Center for Education Statistics,NCES,http://catalog.data.gov/organization/nces-ed-gov,Overture Technologies,Data/Technology,IPEDS,http://nces.ed.gov/ipeds/
Department of the Treasury,,Federal,General,,http://catalog.data.gov/organization/treasury-gov,Overture Technologies,Data/Technology,Treasury Quarterly NPV dataset,http://www.treasury.gov/resource-center/data-chart-center/quarterly-refunding/Pages/default.aspx
Department of Commerce,USDC,Federal,US Census Bureau,Census,http://catalog.data.gov/organization/census-gov,Overture Technologies,Data/Technology,GIS Census Tract,http://www.census.gov/geo/maps-data/data/tiger.html
Securities and Exchange Commission,SEC,Federal,General,,http://catalog.data.gov/organization/sec-gov,Owler,Business & Legal Services,,
Department of Homeland Security,DHS,Federal,U.S. Citizenship and Immigration Services,USCIS,http://catalog.data.gov/organization/uscis-dhs-gov,Panjiva,Business & Legal Services,U.S. Customs Data,http://www.cbp.gov/
Department of Health and Human Services,HHS,Federal,General,,http://catalog.data.gov/organization/cms-hhs-gov,PatientsLikeMe,Healthcare,,
Department of Commerce,USDC,Federal,US Census Bureau,Census,http://catalog.data.gov/organization/census-gov,Pave,Finance & Investment,American Community Survey - Public Use Microdata Sample,http://www.census.gov/acs/www/data_documentation/public_use_microdata_sample/
Virginia,VA,State,General,,http://datapoint.apa.virginia.gov/,Pave,Finance & Investment,Post-Completion Wages of Graduates,http://research.schev.edu/apps/cms/Post-Completion-Wages-of-Graduates.aspx
Department of Labor,,Federal,General,,http://catalog.data.gov/dataset?q=organization:((ecab-dol-gov)+OR+(whd-dol-gov)+OR+(esba-dol-gov)+OR+(ojc-dol-gov)+OR+(eta-dol-gov)+OR+(osha-dol-gov)+OR+(oalj-dol-gov)+OR+(oasp-dol-gov)+OR+(msha-dol-gov)+OR+(bls-gov)+OR+(brb-dol-gov)),Pave,Finance & Investment,,
Department of Education,ED / DOED,Federal,Federal Student Aid,FAFSA,http://catalog.data.gov/organization/fsa-ed-gov,"Personal, Inc.",Data/Technology,Free Application for Federal Student Aid (FAFSA),www.fafsa.gov
Department of Education,ED / DOED,Federal,Federal Student Aid,FAFSA,http://catalog.data.gov/organization/fsa-ed-gov,"Personal, Inc.",Data/Technology,National Student Loan Data System (NSLDS),www.nslds.ed.gov/nslds_SA/
Department of Energy,DOE,Federal,General,,http://catalog.data.gov/organization/doe-gov,PEV4me.com,Data/Technology,,
Federal Financial Institutions Examination Council (FFIEC) ,,,General,,,PolicyMap,Geospatial/Mapping,Home Mortgage Disclosure Act (HMDA),http://www.ffiec.gov/hmda/
Department of Commerce,USDC,Federal,US Census Bureau,Census,http://catalog.data.gov/organization/census-gov,PolicyMap,Geospatial/Mapping,Longitudinal Employer-Household Dynamics (LEHD),http://lehd.ces.census.gov/
Department of Commerce,USDC,Federal,US Census Bureau,Census,http://catalog.data.gov/organization/census-gov,PolicyMap,Geospatial/Mapping,American Community Survey (ACS),https://www.census.gov/acs/www/
Department of Labor,,Federal,Bureau of Labor Statistics,BLS,http://catalog.data.gov/organization/bls-gov,PolicyMap,Geospatial/Mapping,Local Area Unemployment Statistics (LAUS),http://www.bls.gov/lau/
,,,General,,,POPVOX,Governance,Bills in Congress,Thomas.gov
Department of Health and Human Services,HHS,Federal,National Institutes of Health,NIH,http://catalog.data.gov/organization/nih-hhs-gov,Quertle,Scientific Research,TOXNET Toxicology Data Network,http://toxnet.nlm.nih.gov/
Department of Health and Human Services,HHS,Federal,National Institutes of Health,NIH,http://catalog.data.gov/organization/nih-hhs-gov,Quertle,Scientific Research,PubMed,http://www.ncbi.nlm.nih.gov/pubmed/
Department of Commerce,USDC,Federal,US Census Bureau,Census,http://catalog.data.gov/organization/census-gov,Redfin,Housing/Real Estate,Census 2010,http://www.census.gov/2010census/data/
,,,General,,,Revelstone,Governance,Municipal performance measures ,
US National Library of Medicine - National Institutes of Health (NIH) ,,,General,,,Science Exchange,Scientific Research,PMC Open Access Subset,http://www.ncbi.nlm.nih.gov/pmc/tools/openftlist/
Open 311 Data on Municipal Issues,,,General,,,SeeClickFix,Governance,,seeclickfix.com/open311
Department of Energy,DOE,Federal,Energy Information Administration,EIA,http://catalog.data.gov/organization/eia-doe-gov,Simple Energy,Energy,EIA 861,http://www.eia.gov/electricity/data/eia861/
New York City,NYC,City/County,General,,http://www.nyc.gov/data/,SlashDB,Data/Technology,,
Department of Health and Human Services,HHS,Federal,General,,http://catalog.data.gov/organization/cms-hhs-gov,Social Health Insights,Healthcare,Obamacare Qualified Health Plan (QHP) Data,https://data.healthcare.gov
Department of Health and Human Services,HHS,Federal,Centers for Medicare and Medicaid Services,CMS,http://catalog.data.gov/organization/cms-hhs-gov,Social Health Insights,Healthcare,Hospital Compare,https://data.medicare.gov/Hospital-Compare/Hospital-Readmission-Reduction/9n3s-kdb3
Open Data from State and City Government Clients,,,General,,,Socrata,Governance,,
Department of Energy,DOE,Federal,General,,http://catalog.data.gov/organization/doe-gov,SolarList,Energy,PVWatts,http://developer.nrel.gov/docs/solar/
Local Police Records,,,General,,,SpotCrime,Governance,,
Securities and Exchange Commission,SEC,Federal,General,,http://catalog.data.gov/organization/sec-gov,StockSmart,Finance & Investment,XBRL,http://www.sec.gov/edgar/searchedgar/webusers.htm
Department of Commerce,USDC,Federal,National Oceanic and Atmospheric Administration,NOAA,http://catalog.data.gov/organization/noaa-gov,Stormpulse,Environment & Weather,National Weather Service National Hurricane Center,www.nhc.noaa.gov
Department of Commerce,USDC,Federal,National Weather Service,NWS,http://catalog.data.gov/organization/nws-doc-gov,Stormpulse,Environment & Weather,NWS Public Alerts,http://alerts.weather.gov/
Local Police and Court Records,,,General,,,"StreetCred Software, Inc",Governance,,
,,,General,,,SumAll,Business & Legal Services,Twitter API ,https://dev.twitter.com/
Department of Health and Human Services,HHS,Federal,National Institutes of Health,NIH,http://catalog.data.gov/organization/nih-hhs-gov,Symcat,Healthcare,Unified Medical Language System,http://www.nlm.nih.gov/research/umls/
Department of Health and Human Services,HHS,Federal,Centers for Disease Control and Prevention,CDC,http://www.cdc.gov/,Symcat,Healthcare,National Ambulatory Medical Care Survey,http://www.cdc.gov/nchs/ahcd/ahcd_questionnaires.htm
,,,General,,,Synthicity,Housing/Real Estate,"parcels, buildings, and zoning",
,,,General,,,Synthicity,Housing/Real Estate,openstreetmap and gtfs,
Securities and Exchange Commission,SEC,Federal,General,,http://catalog.data.gov/organization/sec-gov,TagniFi,Finance & Investment,,
,,,General,,,"Tax Processing Systems, Inc.",Governance,Tax Returns,
Department of Health and Human Services,HHS,Federal,Centers for Medicare and Medicaid Services,CMS,http://catalog.data.gov/organization/cms-hhs-gov,The DocGraph Journal,Data/Technology,National Plan & Provider Enumeration System (NPPES),https://nppes.cms.hhs.gov/NPPES/Welcome.do
Department of Commerce,USDC,Federal,National Weather Service,NWS,http://catalog.data.gov/organization/nws-doc-gov,The Schork Report,Energy,National Weather Service National Oceanic and Atmospheric Administration (NOAA),www.weather.gov
Department of Energy,DOE,Federal,Energy Information Administration,EIA,http://catalog.data.gov/organization/eia-doe-gov,The Schork Report,Energy,US Energy Information Administration (EIA),www.eia.gov
,,,General,,,Think Computer Corporation,Business & Legal Services,Public Access to Court Electronic Records (PACER) via RECAP The Law,http://www.recapthelaw.org
Department of Commerce,USDC,Federal,US Patent and Trademark Office,USPTO,http://catalog.data.gov/dataset?q=organization:uspto-gov,Think Computer Corporation,Business & Legal Services,Google and US Patent and Trademark Office (USPTO),http://www.google.com/googlebooks/uspto.html
Department of Health and Human Services,HHS,Federal,General,,http://catalog.data.gov/organization/cms-hhs-gov,TrialX,Healthcare,Clinicaltrials,http://clinicaltrials.gov
Department of Health and Human Services,HHS,Federal,General,,http://catalog.data.gov/organization/cms-hhs-gov,TrialX,Healthcare,health data dot gov,http://healthdata.gov
Department of Commerce,USDC,Federal,National Oceanic and Atmospheric Administration,NOAA,http://catalog.data.gov/organization/noaa-gov,Trulia,Housing/Real Estate,Tornado Map,http://www.spc.noaa.gov/gis/svrgis/
Department of Commerce,USDC,Federal,National Oceanic and Atmospheric Administration,NOAA,http://catalog.data.gov/organization/noaa-gov,Trulia,Housing/Real Estate,Hurricane Research Division Hurricane Map,http://www.aoml.noaa.gov/hrd/hurdat/Data_Storm.html
Department of Homeland Security,DHS,Federal,Federal Emergency Management Agency,FEMA,http://catalog.data.gov/organization/fema-gov,Trulia,Housing/Real Estate,Flood Map,http://www.fema.gov/national-flood-insurance-program-flood-hazard-mapping
Department of the Interior,DOI,Federal,U.S. Geological Survey,USGS,http://catalog.data.gov/dataset?q=organization:usgs-gov,Trulia,Housing/Real Estate,Earthquake Map,http://www.nationalatlas.gov/mld/seihazp.html
Department of Agriculture,USDA,Federal,General,,http://catalog.data.gov/organization/ams-usda-gov,Trulia,Housing/Real Estate,Forest Service Wildfire Map,http://www.firelab.org/fmi/data-products/229-wildland-fire-potential-wfp
,,,General,,,"Urban Mapping, Inc",Geospatial/Mapping,Neighborhood Boundaries,http://www.urbanmapping.com/neighborhood-boundaries.html
,,,General,,,"Urban Mapping, Inc",Geospatial/Mapping,Airport Noise Contours,http://www.urbanmapping.com/case-study-noise-contours.html
Department of Commerce,USDC,Federal,General,,http://catalog.data.gov/organization/doc-gov,Vizzuality,Geospatial/Mapping,Open Street Map,http://www.openstreetmap.org
Department of Commerce,USDC,Federal,US Census Bureau,Census,http://catalog.data.gov/organization/census-gov,Vizzuality,Geospatial/Mapping,US Census Bureau,http://www.census.gov/
Department of Commerce,USDC,Federal,General,,http://catalog.data.gov/organization/doc-gov,Walk Score,Lifestyle & Consumer,,
Department of the Interior,DOI,Federal,General,,http://catalog.data.gov/organization/doi-gov,Walk Score,Lifestyle & Consumer,,
Multiple city and local data sources,,City/County,General,,,Walk Score,Lifestyle & Consumer,,
Department of Commerce,USDC,Federal,US Patent and Trademark Office,USPTO,http://catalog.data.gov/dataset?q=organization:uspto-gov,Way Better Patents,Business & Legal Services,USPTO Bulk Patent Downloads,http://www.google.com/googlebooks/uspto-patents.html
National Science Foundation,NSF,Federal,General,,http://catalog.data.gov/organization/nsf-gov,Way Better Patents,Business & Legal Services,NSF R&D Data,http://www.nsf.gov/statistics/showpub.cfm?TopID=8
General Services Administration,GSA,Federal,General,,http://catalog.data.gov/organization/gsa-gov,Way Better Patents,Business & Legal Services,Federal Procurement Data System,https://www.fpds.gov/fpdsng_cms/index.php/en/
Chicago,CHI,City/County,General,,http://data.cityofchicago.org/,Webitects,Data/Technology,Chicago Lobbyist Information,data.cityofchicago.org
Chicago,CHI,City/County,General,,http://data.cityofchicago.org/,Webitects,Data/Technology,Various Chicago Public School Data Sets,
,,,General,,,Xcential,Governance,Office of the Law Revision Council United States Code,http://uscode.house.gov/
,,,General,,,YEI Healthcare,Healthcare,System for Award Management Exclusions Data,www.sam.gov
Department of Health and Human Services,HHS,Federal,General,,http://catalog.data.gov/organization/cms-hhs-gov,YEI Healthcare,Healthcare,US Department of Health and Human Services (HHS) Office of Inspector General List of Excluded Individuals/Entities (LEIE) Database,http://oig.hhs.gov/exclusions/index.asp
Department of Health and Human Services,HHS,Federal,General,,http://catalog.data.gov/organization/cms-hhs-gov,YEI Healthcare,Healthcare,US Department of Health and Human Services (HHS) National Drug Code Directory,http://www.fda.gov/Drugs/InformationOnDrugs/ucm142438.htm
Department of Health and Human Services,HHS,Federal,Centers for Medicare and Medicaid Services,CMS,http://catalog.data.gov/organization/cms-hhs-gov,YEI Healthcare,Healthcare,Centers for Medicare & Medicaid Services (CMS) National Plan and Provider Enumeration System (NPPES),http://www.cms.gov/Regulations-and-Guidance/HIPAA-Administrative-Simplification/NationalProvIdentStand/DataDissemination.html
Department of Health and Human Services,HHS,Federal,Food and Drug Administration,FDA,http://www.fda.gov/,YEI Healthcare,Healthcare,US Food and Drug Administration (FDA) Establishment Registration and Medical Device Listing Files,http://www.fda.gov/MedicalDevices/DeviceRegulationandGuidance/HowtoMarketYourDevice/RegistrationandListing/ucm134495.htm
Department of Health and Human Services,HHS,Federal,Food and Drug Administration,FDA,http://www.fda.gov/,YEI Healthcare,Healthcare,US Department of Health and Human Services (HHS) National Drug Code Directory,http://www.fda.gov/Drugs/InformationOnDrugs/ucm142438.htm
Zonerapp,,,General,,,Zonerapp.com,Housing/Real Estate,PLUTO,www.zonerapp.com
